#{"t_start": 1545747149.0164568, "gym_version": "0.10.8", "env_id": "Hopper-v2"}
r,l,t
11.771997,20,73.343684
11.06537,13,73.396307
5.892704,9,73.433509
42.083137,42,73.609563
110.58844,72,73.91565
6.943649,13,73.96949
29.712631,27,74.082855
6.955934,9,74.120408
15.068784,21,74.209976
6.817378,14,74.267375
8.954983,11,74.311369
6.887694,11,74.356955
17.536943,17,74.428108
8.738802,20,74.512579
5.778326,8,74.545788
9.870994,18,74.621813
24.661684,23,74.721363
12.275748,22,74.813014
17.356589,20,74.899863
7.795272,14,74.960233
11.919139,13,75.016778
4.02347,11,75.064039
46.726799,44,75.251783
21.31452,19,75.330503
12.852425,15,75.391883
124.96085,75,75.709651
5.772365,12,75.762474
10.244683,18,75.840061
4.634387,10,75.883373
6.456844,14,75.943024
33.188119,26,76.055041
8.690809,11,76.101296
12.363181,20,76.187581
33.544679,32,76.32325
9.506247,13,76.379027
15.279317,15,76.443214
12.628187,16,76.511689
10.634482,14,76.570155
8.270346,12,76.6193
20.633055,19,76.700039
4.597018,7,76.73036
12.767442,28,76.845834
8.00385,12,76.89739
19.314327,29,77.021703
5.764788,9,77.059429
15.731394,16,77.125478
56.493088,58,77.376995
10.593202,13,77.43231
14.793036,15,77.495257
6.752674,10,77.538249
10.614937,19,77.618985
8.96823,22,77.71086
9.763755,12,77.761666
13.662891,22,77.855262
17.206274,17,77.927646
10.451165,16,77.995816
18.142777,25,78.103523
23.461767,27,78.217394
5.737499,11,78.264126
21.942727,23,78.36603
14.459009,22,78.459533
8.861267,13,78.515418
10.162909,17,78.588099
7.273085,12,78.638496
12.771126,21,78.727888
8.984564,10,78.771082
3.684146,12,78.824352
14.620343,31,78.959838
8.986107,12,79.012364
9.136626,14,79.072279
18.681144,19,79.156034
6.463106,17,79.228832
25.589798,26,79.343882
5.067717,14,79.405401
30.869162,33,79.547673
11.556362,17,79.622576
15.169645,17,79.698107
8.239822,26,79.809397
13.15309,17,79.883476
11.744194,13,79.939142
4.448606,8,79.973907
18.09374,18,80.051471
13.907452,18,80.133296
6.630821,10,80.177308
7.058157,11,80.223627
6.429354,8,80.257926
10.67346,13,80.31201
10.40118,13,80.366928
16.680543,22,80.460273
28.073829,23,80.560656
4.646894,11,80.608505
9.895651,12,80.65818
6.023242,13,80.713915
45.791066,51,80.929025
15.354911,15,80.992237
9.30414,15,81.056623
6.425692,8,81.090456
12.646595,15,81.153915
13.2852,16,81.224755
9.815527,12,81.276716
8.592167,11,81.322073
17.451001,17,81.407645
23.284434,26,81.5172
22.281665,23,81.615125
26.799992,30,81.744744
10.045467,15,81.810138
5.697065,10,81.853781
15.321257,24,81.960012
7.107273,15,212.102715
103.209479,69,212.401665
38.154647,33,212.543307
9.32945,14,212.600594
82.000777,48,212.806505
9.419403,25,212.912779
20.804523,21,213.004665
33.345349,34,213.149106
6.52459,17,213.220768
10.091753,14,213.281983
15.431298,16,213.351593
22.390956,20,213.439136
8.927233,14,213.499492
6.136013,11,213.549218
9.942604,12,213.599586
24.59278,21,213.691254
59.947379,36,213.844876
11.164496,13,213.900446
12.885421,29,214.025566
12.543254,23,214.124373
7.20911,10,214.166634
9.427889,12,214.218148
33.253775,26,214.331102
110.136726,72,214.640632
13.315602,14,214.702896
9.831298,13,214.760614
11.55131,18,214.838745
74.407344,59,215.092595
9.943294,17,215.166864
22.269092,24,215.269165
28.331152,28,215.388829
9.355841,17,215.461889
35.343355,36,215.616361
13.55094,24,215.719127
11.14556,12,215.769466
6.646785,9,215.809299
24.735513,28,215.928987
36.134647,50,216.142415
12.300621,14,216.202501
13.214917,17,216.276174
10.722662,12,216.329676
10.112412,14,216.389702
12.788704,13,216.444718
9.898283,11,216.492096
9.321758,13,216.54845
16.277237,18,216.624134
7.638456,9,216.661853
7.151229,26,216.774486
136.342469,76,217.104392
33.294597,31,217.23722
35.070187,28,217.356618
10.357993,15,217.420195
31.441808,26,217.530518
26.465637,23,217.632491
11.595448,20,217.717344
33.051782,34,217.862712
8.584697,16,217.930228
50.118646,31,218.061352
64.852851,38,218.223264
14.958087,22,218.316266
18.984296,18,218.395328
11.504787,14,218.454179
89.626293,62,218.714079
11.903346,13,218.767666
7.597592,11,218.813708
6.819954,12,218.865006
12.263791,19,218.94442
22.578635,27,219.059232
21.15118,24,219.158066
20.186208,30,219.283316
167.569564,93,219.67456
11.347171,12,219.724457
8.872473,13,219.778954
141.248003,84,220.139093
13.379721,33,220.281786
5.025503,8,220.317518
15.893514,19,220.400229
9.381672,25,220.507485
63.885907,44,220.694576
11.514234,18,220.77078
21.078123,38,273.764285
230.466794,113,274.272669
45.982138,36,274.425103
20.51077,22,274.518533
87.186375,52,274.745081
96.917888,58,274.989205
18.550435,22,275.07983
79.450645,51,275.292186
5.475501,12,275.34343
27.618532,35,275.491317
76.494565,45,275.676978
240.759464,141,276.26631
106.920634,59,276.518289
23.033375,23,276.616915
132.455344,71,276.918597
100.801869,86,277.284914
46.788034,35,277.433316
169.177858,80,277.775596
19.454366,19,277.857471
199.648303,97,278.268885
13.645679,17,278.340227
40.834936,25,278.446059
21.039169,20,278.530027
56.786446,47,278.725841
17.456059,19,278.805738
10.230323,12,278.856634
26.425059,26,278.964508
155.629908,73,279.267124
39.003185,32,279.402572
26.447018,34,279.547004
70.704817,55,279.774883
36.606031,31,279.90269
104.521117,60,280.153617
28.752465,26,280.266491
17.025915,28,280.382467
12.788307,23,280.478903
14.843792,15,280.540299
10.984989,13,280.594864
144.46107,80,280.930943
18.24261,19,281.00979
70.492884,46,281.203768
13.88862,22,281.297702
60.64769,41,281.483962
7.341524,10,281.527278
61.602447,42,281.710317
6.483979,9,281.749455
31.384522,26,281.859477
178.548108,98,282.264862
128.611849,103,335.442243
109.742723,65,335.709696
12.684403,20,335.794419
9.531116,12,335.844805
35.153892,34,335.987406
92.566159,55,336.213732
7.565339,10,336.25477
143.115749,99,336.666975
16.712253,28,336.783905
68.977197,41,336.955246
103.750982,58,337.199199
177.320961,101,337.625776
13.508518,15,337.689325
197.364782,98,338.109349
11.585067,14,338.165907
11.294116,19,338.245199
19.760104,24,338.346692
144.402179,77,338.668851
49.667812,31,338.800783
157.274285,88,339.172495
17.041895,26,339.283297
120.663764,65,339.555925
83.379542,49,339.762007
112.941664,61,340.018109
8.945935,12,340.067692
211.832911,103,340.498237
22.348177,22,340.590531
45.594126,33,340.728785
91.187322,51,340.943196
40.469437,34,341.088224
9.40063,20,341.171973
92.781378,53,341.401849
200.884205,95,341.805573
94.965427,55,342.040169
167.422043,96,342.440772
29.55197,27,342.556484
80.237212,59,342.807912
103.320906,56,343.041087
11.045143,13,343.094602
53.999977,49,343.305142
10.016021,12,343.35956
28.484647,27,343.473366
187.441928,87,396.455088
21.068294,20,396.538543
148.655962,75,396.852951
73.481837,44,397.037308
128.498912,64,397.305484
232.625248,117,397.799599
87.888821,51,398.014319
128.579021,66,398.291936
52.47823,32,398.424093
64.910488,38,398.586307
25.298606,22,398.677273
233.339101,114,399.164078
185.940964,83,399.515763
121.026626,65,399.788735
158.658239,90,400.165048
173.011573,88,400.540835
13.874153,14,400.598547
57.490854,35,400.743087
78.170801,46,400.938056
200.671497,88,401.303692
116.261943,61,401.574205
78.671606,45,401.761046
15.679341,18,401.836001
97.067275,57,402.073308
16.87491,16,402.138074
74.124563,52,402.351966
80.842787,47,402.548639
56.835895,33,402.687508
216.478781,100,403.103124
112.334607,59,403.351375
14.296377,15,403.413753
5.565224,8,403.447997
13.135731,18,403.524365
55.261873,34,403.663721
179.159133,102,404.092419
37.664734,27,404.205867
192.063582,92,404.591518
214.729318,96,457.708699
217.869798,97,458.116373
246.850892,110,458.580231
268.134719,122,459.091842
72.412458,43,459.27093
220.372881,118,459.765373
212.56908,94,460.155696
81.146763,48,460.357472
217.11348,98,460.770513
215.888782,96,461.174454
120.065393,65,461.450706
76.007384,45,461.641509
199.19564,94,462.033468
222.626144,102,462.469398
206.014702,97,462.878258
18.779519,19,462.955843
9.0326,14,463.012856
182.079026,93,463.397802
59.046432,36,463.547146
59.473202,36,463.697523
154.355991,88,464.063347
216.796795,97,464.479781
218.049059,103,464.917432
203.768695,90,465.299684
121.393935,62,465.561135
127.424761,64,465.83594
141.179165,70,466.131934
202.547108,95,519.190171
210.522816,92,519.572679
243.011794,114,520.048891
198.300137,89,520.421277
62.959249,38,520.578647
214.737703,94,520.972063
81.820863,46,521.166528
237.028735,107,521.611863
80.359397,47,521.807468
220.10917,101,522.230132
196.207806,89,522.614287
254.732075,113,523.086987
75.286531,44,523.269683
184.744411,90,523.645594
119.099993,63,523.909996
197.112649,97,524.31795
219.251142,99,524.729193
51.550225,31,524.858725
64.719698,48,525.05882
138.741634,72,525.359771
77.760476,45,525.546011
206.532394,93,525.93314
244.246044,110,526.392502
61.52681,37,526.548647
207.357505,96,526.952615
207.692608,104,527.386147
197.566231,93,580.439979
73.251631,46,580.630471
266.742698,125,581.153761
206.831321,91,581.536722
277.006842,122,582.056364
194.44324,86,582.428858
200.189086,91,582.80484
224.955108,105,583.234114
195.819453,93,583.619038
207.553344,92,583.993097
53.754934,32,584.121274
207.508598,92,584.498061
230.711984,104,584.924436
215.541697,101,585.335817
222.324599,96,585.732008
98.390857,56,585.961187
201.925485,91,586.3359
288.793799,131,586.882286
165.272061,78,587.200822
60.29697,35,587.343484
181.466075,85,587.692202
210.574163,95,588.083201
83.764551,49,588.287271
240.984401,105,641.240818
236.712561,103,641.667915
205.362458,91,642.043782
222.238995,99,642.466828
209.210276,92,642.84896
206.084604,93,643.239531
308.103193,127,643.770216
202.126863,97,644.174096
216.393109,96,644.575086
209.76756,103,645.006304
209.634754,94,645.397184
222.260273,98,645.803169
198.331717,92,646.185728
212.097992,93,646.573324
88.019533,52,646.790241
60.956612,36,646.937612
223.304941,96,647.342071
227.346207,100,647.759618
217.584628,97,648.160513
66.725165,40,648.331593
214.808616,97,648.741768
228.108057,100,649.162567
215.77675,94,649.56047
217.684427,97,702.454962
206.337461,96,702.855369
227.489754,99,703.262872
219.725009,98,703.672325
237.828774,106,704.114818
219.292231,97,704.521555
266.82219,115,704.998291
206.795972,94,705.397861
227.963349,103,705.825557
216.091717,97,706.228786
218.259,97,706.634867
213.747082,93,707.02158
215.724584,95,707.418725
239.20381,110,707.876261
226.659068,99,708.289078
235.133971,109,708.740051
64.421012,38,708.896217
64.110499,39,709.057595
208.824343,91,709.440287
205.221343,92,709.828159
209.254846,93,710.218186
136.230083,71,710.51814
207.349261,90,763.334006
254.923468,111,763.796057
166.263897,81,764.133208
242.585113,108,764.577402
200.16801,96,764.976423
210.80499,94,765.370347
226.461291,106,765.812682
212.607335,98,766.218552
222.847903,99,766.632782
209.30785,95,767.030002
217.613358,96,767.432752
241.324905,105,767.870033
224.645279,107,768.31767
215.616014,94,768.71215
275.850299,111,769.173885
285.952438,126,769.714675
207.424715,93,770.105795
226.090518,100,770.521993
233.286156,101,770.944425
244.740443,105,771.381596
178.724934,86,824.06256
310.438562,130,824.606653
230.82497,99,825.013985
213.59489,95,825.415299
227.030282,97,825.817522
201.571314,89,826.186477
207.492677,91,826.571062
217.381082,93,826.965023
221.219889,100,827.381139
218.450107,117,827.864327
225.566406,101,828.278255
217.001593,97,828.674641
274.551194,112,829.145118
249.82938,101,829.570131
217.075795,97,829.977314
285.12685,141,830.569339
215.480115,94,830.966751
236.691743,103,831.400004
246.016895,106,831.839899
209.927355,99,832.252996
251.861943,112,885.070419
233.035704,99,885.483792
224.524505,109,885.939867
264.985969,114,886.412171
253.851907,105,886.852631
216.351877,99,887.264225
206.68389,93,887.649951
223.81534,102,888.078123
265.53668,130,888.62097
93.572513,53,888.842208
239.331418,104,889.29129
242.663785,103,889.719872
232.697071,103,890.148288
228.57428,101,890.564798
212.867972,94,890.947912
222.116442,101,891.365408
198.936285,89,891.727744
210.711129,96,892.11612
267.244672,117,892.607993
267.618439,123,893.124531
206.144729,91,945.870213
221.396207,96,946.303911
293.731157,123,946.80499
244.723836,107,947.241802
254.601473,109,947.688642
204.473225,91,948.056893
278.341081,112,948.507389
231.192258,113,948.962483
210.729109,95,949.348641
263.675151,108,949.807573
250.92922,114,950.279353
225.82947,100,950.704259
241.546064,103,951.139706
212.28449,93,951.530135
205.010202,91,951.917733
219.540827,96,952.345056
245.581525,106,952.792796
295.037472,127,953.315042
186.592606,88,953.683728
221.053212,99,954.101952
284.793887,116,1006.866825
77.422684,50,1007.07132
314.444817,121,1007.568405
206.098835,93,1007.948937
314.285679,130,1008.482405
71.527945,43,1008.657336
234.281903,99,1009.060289
248.46647,110,1009.513282
236.997277,114,1009.983488
217.845961,105,1010.430484
212.064379,97,1010.831679
267.876189,117,1011.320369
285.070301,120,1011.825999
210.571259,91,1012.21086
321.775049,162,1012.905231
194.132316,89,1013.275986
292.986541,119,1013.775393
211.930498,93,1014.171025
207.684817,95,1014.572404
244.834135,106,1015.016768
254.967599,106,1067.771077
231.171272,107,1068.21995
289.239689,113,1068.695937
207.272725,102,1069.123539
248.28622,103,1069.553867
224.296977,96,1069.957469
218.448545,98,1070.370478
274.317922,115,1070.843544
274.73565,112,1071.308982
322.462216,138,1071.883441
325.829028,129,1072.421375
290.629018,115,1072.91381
214.252017,99,1073.323776
300.424638,114,1073.798345
277.380211,116,1074.282439
83.105143,48,1074.483963
304.881999,131,1075.025087
339.991702,129,1075.566854
191.764826,86,1075.925352
236.778972,102,1128.578285
258.237624,112,1129.048339
292.97104,112,1129.512767
281.726415,112,1129.987202
286.621444,114,1130.469024
289.15341,118,1130.961885
273.255811,118,1131.456674
290.537271,117,1131.942251
246.232313,106,1132.399589
207.434034,91,1132.782943
270.943533,114,1133.257696
277.275966,110,1133.717461
300.431358,118,1134.208797
213.806097,93,1134.599504
233.46241,101,1135.02253
230.072875,101,1135.448025
276.596247,115,1135.926138
232.786134,99,1136.334417
256.831634,106,1136.779796
331.959613,124,1189.644874
201.224068,91,1190.02956
284.266585,114,1190.504
306.027714,119,1190.997355
288.288444,114,1191.471895
231.640993,102,1191.897143
276.474593,111,1192.363577
282.816477,112,1192.832324
302.80767,120,1193.328658
319.360505,121,1193.828158
254.9177,107,1194.275821
276.641025,115,1194.754415
234.717271,106,1195.208055
298.456335,121,1195.710787
274.614619,111,1196.17103
276.898131,113,1196.639328
278.684085,115,1197.120422
217.854425,99,1197.531419
317.485028,123,1250.354414
277.01788,114,1250.829401
270.142486,105,1251.267789
211.397377,93,1251.659819
217.859251,95,1252.053189
306.691381,116,1252.546681
71.781043,43,1252.726513
295.167211,117,1253.20952
288.140709,115,1253.685636
290.682746,115,1254.161278
274.347272,108,1254.614926
269.345865,111,1255.08041
312.191753,123,1255.597341
212.806636,93,1255.979607
293.650033,113,1256.446076
297.600197,119,1256.938476
187.830882,87,1257.300478
313.808563,126,1257.822435
307.029487,117,1258.305184
296.94718,119,1311.110189
265.339811,108,1311.571801
238.850045,107,1312.012201
307.054126,123,1312.536067
248.434629,100,1312.948076
262.543912,105,1313.378235
304.360442,125,1313.894497
319.514247,123,1314.398332
283.76922,112,1314.869866
300.561086,120,1315.380374
309.190499,119,1315.880266
271.361382,110,1316.330462
298.931339,115,1316.804306
329.677553,121,1317.310359
300.827387,117,1317.794986
284.846371,111,1318.263043
239.436743,99,1318.669236
275.767567,110,1319.126401
308.385879,116,1371.864572
293.716255,112,1372.336508
305.252255,117,1372.831908
280.167993,130,1373.371373
311.368173,123,1373.871341
316.393277,126,1374.39257
323.313013,126,1374.914787
228.238446,99,1375.331236
286.665976,115,1375.809622
260.838009,110,1376.267073
283.315933,113,1376.737728
291.033778,115,1377.215855
309.960918,120,1377.710143
247.130654,104,1378.140913
315.12072,123,1378.649804
288.261097,110,1379.101128
314.649171,119,1379.587725
323.895087,129,1432.390872
262.898769,106,1432.830683
218.415925,99,1433.237168
300.835189,117,1433.716639
327.62641,123,1434.223126
274.254352,107,1434.71764
284.763155,110,1435.193799
273.707931,113,1435.671438
304.803565,121,1436.181244
295.905,115,1436.660495
296.051262,117,1437.139195
219.525412,92,1437.520825
321.330308,124,1438.033844
301.207879,122,1438.547794
354.881679,131,1439.092391
275.584883,110,1439.544181
269.916116,116,1440.034647
274.200864,110,1440.501375
248.277264,111,1493.489638
308.953516,119,1493.988081
302.815505,112,1494.453548
332.358559,119,1494.945446
300.657391,121,1495.450228
274.708378,109,1495.901006
314.704409,129,1496.4318
285.895477,114,1496.902782
299.932029,116,1497.380353
291.43435,114,1497.855808
286.499974,111,1498.305936
284.901926,118,1498.776387
293.34119,127,1499.283193
330.204975,128,1499.806498
109.520028,59,1500.04667
308.704337,119,1500.541717
268.553103,108,1500.988641
317.675047,121,1501.490235
299.846037,116,1554.495222
274.436728,112,1554.960285
299.800168,122,1555.477177
283.224494,110,1555.933217
286.738217,111,1556.391531
335.572783,123,1556.900465
302.833862,115,1557.377636
309.765551,121,1557.880111
328.028568,130,1558.412952
312.500874,121,1558.913588
268.633692,111,1559.368966
286.800144,109,1559.821617
283.294216,115,1560.298011
274.391606,106,1560.737782
264.759654,110,1561.194134
338.280702,126,1561.716472
299.435082,117,1562.201767
291.392579,115,1562.693627
316.658955,118,1615.440177
264.92309,110,1615.896503
332.905976,125,1616.415483
265.802946,121,1616.919656
306.770442,128,1617.453046
293.34338,115,1617.929035
294.284494,116,1618.405849
322.788478,123,1618.90939
286.333261,113,1619.373462
308.391393,123,1619.883534
309.604386,121,1620.385695
322.734496,118,1620.881177
291.137615,112,1621.351687
319.985491,123,1621.856072
350.862215,131,1622.410544
234.433054,101,1622.839986
307.376754,116,1623.333512
351.104424,131,1676.177947
311.964796,123,1676.690822
298.585306,118,1677.177615
358.531156,130,1677.716872
293.220961,113,1678.181892
369.843091,132,1678.727687
318.4447,118,1679.214587
293.724162,118,1679.701495
289.165565,111,1680.163832
295.518043,117,1680.646744
314.548781,118,1681.133808
320.401351,118,1681.626509
331.031825,133,1682.189159
312.421281,121,1682.705983
268.050135,110,1683.162819
324.338867,123,1683.667836
338.306956,129,1684.2006
318.321404,117,1739.091522
300.765129,114,1739.58444
329.349707,119,1740.076628
342.24057,126,1740.600947
317.016093,118,1741.11151
345.03881,125,1741.623695
302.269203,114,1742.102624
285.826452,110,1742.584022
299.734546,114,1743.062494
319.416991,117,1743.544166
298.704508,110,1744.033725
312.231042,116,1744.53241
349.071828,126,1745.044163
294.146411,117,1745.522196
297.188027,113,1745.984306
313.896472,118,1746.469609
296.90157,118,1746.943579
305.061728,124,1801.019981
347.105856,136,1801.597038
309.531379,119,1802.090446
271.838491,105,1802.547531
319.087931,120,1803.036315
289.978381,116,1803.515481
208.800036,91,1803.903066
333.259781,122,1804.412117
326.595223,120,1804.900954
279.659681,109,1805.35924
289.158497,109,1805.80152
325.917771,118,1806.285057
304.625627,122,1806.787583
289.229574,112,1807.240258
312.38067,117,1807.727322
292.212611,112,1808.188116
303.906279,116,1808.679326
310.891069,133,1809.244327
305.033417,131,1863.285439
311.446318,118,1863.783723
295.935295,113,1864.256287
308.332384,123,1864.77635
317.358036,120,1865.286323
308.831492,115,1865.754463
326.833935,122,1866.267604
295.898048,110,1866.726493
325.920707,124,1867.254445
293.363974,110,1867.721714
330.903847,122,1868.246127
79.772122,47,1868.456078
282.816397,120,1868.963856
330.296006,118,1869.466412
325.361648,118,1869.959913
320.818165,120,1870.457982
287.099907,115,1870.947325
245.692163,100,1871.369514
313.208357,116,1925.332336
324.908232,121,1925.836392
321.522256,120,1926.32655
259.475919,103,1926.748014
345.018259,128,1927.284391
318.544764,124,1927.80612
300.497448,111,1928.276454
311.631797,120,1928.772526
334.647045,123,1929.301882
326.1059,117,1929.796334
324.526272,122,1930.311517
354.712118,131,1930.872924
310.017447,121,1931.394833
305.21827,114,1931.868984
341.469488,125,1932.397733
320.890386,119,1932.896566
350.747504,130,1933.454358
371.696789,141,1988.132902
295.457874,114,1988.606673
315.225833,123,1989.236054
300.681016,114,1989.769925
199.69588,90,1990.220731
306.902458,117,1990.809961
327.069377,120,1991.333098
327.152408,122,1991.958025
317.761875,115,1992.511236
249.766887,101,1992.957444
343.687333,125,1993.523943
241.971575,99,1993.947646
297.690065,115,1994.469286
276.50883,111,1994.99717
214.762973,94,1995.396039
322.482933,126,1995.996425
294.767037,127,1996.637841
246.261973,98,1997.123603
350.937484,125,2051.309278
314.367452,117,2051.800626
279.382585,109,2052.256685
375.471795,132,2052.827362
303.631304,116,2053.32083
287.364568,109,2053.784543
307.686312,115,2054.287299
301.505988,114,2054.768939
359.597268,132,2055.328716
261.00122,103,2055.769342
330.728299,120,2056.284524
306.060479,119,2056.780798
302.607492,118,2057.280776
298.701551,112,2057.739312
315.697216,116,2058.207608
289.823447,112,2058.659595
290.799376,121,2059.151182
325.250315,117,2059.652404
234.048065,99,2113.334563
333.7921,122,2113.843944
328.981366,120,2114.343065
331.542021,125,2114.839534
300.751803,112,2115.30575
357.379232,128,2115.836031
316.938626,121,2116.327815
315.102974,121,2116.813099
288.320436,111,2117.255332
340.878803,123,2117.748678
331.871534,121,2118.232023
327.763362,119,2118.715832
276.692034,109,2119.1683
314.15909,119,2119.662166
334.680806,121,2120.14818
318.499917,117,2120.636355
264.038016,104,2121.079154
354.478362,126,2175.269262
381.097889,136,2175.824894
368.310057,131,2176.369797
331.008209,124,2176.893407
297.065253,110,2177.352901
312.353914,117,2177.844579
308.271198,113,2178.320461
359.165584,127,2178.854244
326.559865,119,2179.349348
291.855523,108,2179.830724
318.497417,120,2180.417963
339.696732,122,2180.942164
314.626124,125,2181.474207
293.68864,113,2182.05294
318.025222,120,2182.641826
313.480832,120,2183.196836
338.24612,120,2183.73323
327.592406,121,2238.986457
279.518777,105,2239.424492
282.888355,112,2239.879582
332.565522,120,2240.360092
278.960658,107,2240.790372
333.132917,122,2241.287954
352.889769,128,2241.812134
323.044039,121,2242.322534
305.113189,113,2242.800138
306.953525,113,2243.274637
307.456491,113,2243.733067
328.004924,125,2244.234125
118.096792,63,2244.499263
291.688958,111,2244.952605
331.736591,120,2245.439201
309.936963,115,2245.916403
300.746211,113,2246.384618
331.580803,121,2246.883363
297.220126,113,2300.515908
287.00181,110,2300.98684
276.690425,106,2301.430854
285.608011,111,2301.880435
315.247135,116,2302.351405
329.324443,129,2302.885094
342.260223,124,2303.389107
270.749965,109,2303.823709
318.614091,119,2304.303025
397.617301,137,2304.871986
317.43972,117,2305.37081
332.283266,120,2305.852818
360.49209,130,2306.375224
327.98912,119,2306.85568
364.170741,129,2307.395524
306.415011,113,2307.870003
362.162441,129,2308.39059
309.421721,115,2361.767753
267.10452,105,2362.205241
289.219595,108,2362.677992
327.395673,121,2363.184913
361.823465,127,2363.700177
333.660274,123,2364.195948
355.129315,129,2364.717129
334.452212,126,2365.224663
306.389549,117,2365.694844
304.80922,116,2366.163403
322.464773,120,2366.670203
291.087855,111,2367.1128
304.167948,112,2367.592427
261.643579,108,2368.036087
287.416266,110,2368.502244
325.906797,116,2368.991753
276.501416,111,2369.465157
313.973428,119,2369.952279
331.802563,123,2423.747861
342.463524,122,2424.236726
296.467651,111,2424.688886
354.920343,125,2425.196488
362.318941,129,2425.717638
310.599346,115,2426.181699
249.89104,104,2426.609647
334.067239,120,2427.09641
284.453853,107,2427.548641
369.984984,136,2428.094577
326.208111,121,2428.576169
347.152841,125,2429.079796
308.566862,119,2429.583847
325.44428,124,2430.087684
280.267594,110,2430.533433
305.207001,112,2430.97894
302.730481,121,2431.471993
337.576692,123,2485.186981
312.621601,120,2485.697694
294.335605,110,2486.166624
289.290213,111,2486.639286
337.282685,125,2487.170022
293.24077,111,2487.639493
330.351011,121,2488.161308
310.562897,120,2488.66346
337.658373,120,2489.170246
207.689973,92,2489.556724
340.623104,126,2490.08744
359.167114,128,2490.621495
314.291204,117,2491.116035
374.660638,132,2491.680163
335.601937,120,2492.184389
290.350313,110,2492.661898
318.65906,120,2493.203913
304.453,116,2547.365174
302.025419,120,2547.84024
320.724334,119,2548.306566
297.187735,113,2548.760352
300.559849,114,2549.220568
317.528563,121,2549.714626
304.868486,111,2550.165746
340.033881,122,2550.665151
304.699009,114,2551.139916
342.316851,124,2551.64346
270.974356,105,2552.071568
332.869119,130,2552.604282
292.509293,110,2553.059715
342.942083,123,2553.578673
335.252291,123,2554.096316
298.792364,112,2554.571261
302.278424,118,2555.069869
297.409478,113,2555.542265
297.410127,113,2608.305635
308.051196,117,2608.786066
316.200106,118,2609.275313
207.197942,89,2609.641326
307.644887,119,2610.128702
341.510036,119,2610.632321
382.495633,141,2611.22487
364.086776,128,2611.760988
303.085356,111,2612.227876
298.796711,115,2612.723933
322.251143,117,2613.205064
279.79295,107,2613.643499
301.773062,111,2614.099578
288.877963,111,2614.553302
304.95686,115,2615.026045
323.120354,117,2615.507437
309.685367,113,2615.972029
383.118171,133,2668.884743
325.594562,119,2669.383766
330.604734,124,2669.899365
269.800883,116,2670.38044
330.514818,122,2670.883251
309.51912,115,2671.358923
352.654362,123,2671.870949
342.413666,124,2672.386622
338.073314,119,2672.887965
324.364403,120,2673.382383
313.980335,123,2673.890786
301.083222,111,2674.348578
330.406929,121,2674.851729
301.811002,116,2675.331797
311.075306,116,2675.810428
351.38865,125,2676.32785
334.016563,119,2676.8178
324.524076,120,2729.554442
275.276014,107,2729.99932
260.717101,103,2730.423698
335.981352,124,2730.933767
293.855241,112,2731.401691
353.151369,124,2731.914279
299.283421,119,2732.416508
326.417872,122,2732.922201
326.109978,124,2733.435256
335.848387,123,2733.945306
324.627004,118,2734.432444
322.615038,120,2734.933407
312.973068,113,2735.397021
273.218603,104,2735.825661
349.120457,123,2736.331112
326.747643,117,2736.814043
310.35655,116,2737.29086
319.748355,121,2737.791663
343.93498,127,2790.59502
190.451918,91,2790.969867
340.372394,124,2791.485148
297.617668,114,2791.956184
288.577897,111,2792.418834
292.820756,113,2792.886909
313.784691,112,2793.348857
342.895364,130,2793.894554
289.911692,109,2794.348619
327.931385,121,2794.852235
308.708458,114,2795.318927
316.403662,118,2795.807887
238.565307,104,2796.235302
338.675471,119,2796.725364
318.384117,119,2797.212236
295.982164,116,2797.697731
331.360328,126,2798.216635
342.558103,123,2850.981608
318.633368,120,2851.488428
305.320783,111,2851.948689
316.281948,116,2852.440244
324.682555,116,2852.916576
290.345848,117,2853.389389
304.703184,120,2853.876468
285.81848,107,2854.313911
307.946014,116,2854.79456
314.232514,122,2855.299459
323.482518,117,2855.785367
319.235183,118,2856.273579
304.665841,114,2856.748394
294.482035,110,2857.205557
313.990983,116,2857.684168
308.693486,115,2858.159888
302.196024,111,2858.61822
305.425825,112,2859.077139
345.644544,121,2911.868645
280.484249,107,2912.308895
274.526779,106,2912.763976
246.52463,106,2913.200678
358.61571,126,2913.726509
325.682522,120,2914.218347
324.225208,128,2914.747792
379.851455,131,2915.289535
257.045927,103,2915.711703
328.798126,120,2916.205776
289.577848,113,2916.667775
359.984337,131,2917.206182
343.9957,127,2917.722731
334.726127,118,2918.207042
326.903331,118,2918.698487
310.572658,116,2919.175879
350.390209,130,2919.710577
269.132396,105,2920.143174
302.250635,111,2972.861035
250.465876,99,2973.267176
279.800932,106,2973.722335
325.296386,121,2974.217796
240.887642,95,2974.61186
298.257527,118,2975.104354
295.908893,110,2975.555885
348.314259,127,2976.078401
272.936495,106,2976.517861
326.944065,118,2977.004946
317.920286,117,2977.493832
345.153258,128,2978.024433
324.082789,127,2978.546514
299.861113,111,2979.004702
335.994415,124,2979.518655
335.695051,130,2980.05453
193.994454,86,2980.408152
347.944227,127,3033.29811
324.938172,120,3033.809382
282.406323,109,3034.259283
306.764215,116,3034.743505
279.385098,105,3035.176344
319.608477,116,3035.656438
335.492676,121,3036.155013
301.134325,114,3036.624132
306.743999,118,3037.111536
333.926203,117,3037.591979
303.169121,114,3038.063211
346.847158,124,3038.575539
316.583694,119,3039.067645
338.472342,119,3039.561254
300.726402,119,3040.051402
318.693446,118,3040.540096
339.148333,122,3041.044813
350.879727,131,3041.58539
354.732992,132,3094.394639
305.262648,113,3094.870883
326.252103,120,3095.36844
295.875704,122,3095.869939
366.094872,126,3096.388564
367.218988,131,3096.926564
298.704496,120,3097.420066
330.996945,117,3097.903361
373.579928,135,3098.458225
339.953752,121,3098.960727
290.389467,111,3099.420018
286.016516,108,3099.865879
273.060103,108,3100.312235
303.697135,113,3100.783925
349.613119,123,3101.286539
294.18879,114,3101.751635
317.15452,116,3102.225383
349.278569,129,3155.038845
252.68802,100,3155.449578
346.779798,123,3155.953378
355.853775,129,3156.488543
298.80767,111,3156.94618
327.984038,122,3157.453229
332.586812,124,3157.966672
262.987215,102,3158.389027
316.920422,116,3158.873445
303.223595,113,3159.339602
349.441284,125,3159.861057
324.213555,119,3160.346385
334.269941,123,3160.851106
302.688608,112,3161.313395
262.605858,105,3161.745902
300.490334,118,3162.232844
369.790004,128,3162.754954
294.709019,113,3215.474371
310.003716,122,3215.980426
334.524064,120,3216.474487
302.078815,115,3216.952809
295.708161,111,3217.411888
311.838469,118,3217.898755
318.036468,117,3218.379976
311.519936,119,3218.870623
265.836801,103,3219.295809
343.265249,122,3219.80188
357.832536,127,3220.325398
337.523282,120,3220.820338
280.242738,108,3221.264657
309.694435,114,3221.733202
347.929556,125,3222.244057
327.228739,123,3222.747849
324.372604,128,3223.276166
345.545529,127,3223.802441
334.833074,124,3276.622176
367.868988,129,3277.160462
331.68858,121,3277.657583
305.316194,120,3278.146884
339.357928,121,3278.647315
310.73818,119,3279.141079
243.561309,99,3279.546037
337.776415,122,3280.051176
354.504806,128,3280.579942
323.68297,113,3281.045454
271.27707,102,3281.458627
321.980652,123,3281.948446
347.833061,124,3282.449357
302.317127,115,3282.915764
333.539831,122,3283.427728
255.156996,108,3283.861492
356.259106,128,3284.375971
326.310582,122,3337.304513
282.372134,109,3337.754136
357.048381,130,3338.283335
382.135477,148,3338.878993
299.729888,113,3339.353517
312.697024,119,3339.85596
294.540484,112,3340.3161
314.632385,117,3340.781726
333.061803,120,3341.268132
311.981341,116,3341.741317
302.205512,116,3342.215461
332.686204,123,3342.756988
318.978696,120,3343.248884
344.494658,126,3343.759479
343.003263,123,3344.265382
366.982269,129,3344.78569
366.597769,131,3345.306119
292.861483,112,3398.320974
279.827704,108,3398.747732
319.208359,117,3399.212715
357.68609,128,3399.730605
277.532124,111,3400.169301
297.585288,114,3400.627512
326.820762,120,3401.119934
338.285166,120,3401.60642
368.594324,133,3402.161138
310.147223,117,3402.644303
384.061133,131,3403.183802
300.300794,113,3403.649537
358.300206,126,3404.16744
341.672006,126,3404.675961
276.471197,108,3405.112328
339.84772,123,3405.612435
323.429031,121,3406.091906
310.865481,125,3458.91015
308.809526,117,3459.381419
337.465058,134,3459.918881
352.072136,126,3460.423703
348.813818,126,3460.930404
310.524344,123,3461.424803
132.712417,68,3461.699976
322.852027,119,3462.186221
317.507453,117,3462.663402
342.828569,124,3463.172342
341.995806,130,3463.710327
310.314198,114,3464.179476
282.242411,106,3464.622729
321.14969,117,3465.105404
291.701077,113,3465.576255
303.874928,123,3466.091201
339.723281,123,3466.611283
285.720263,110,3519.30886
336.793886,124,3519.818294
368.706265,138,3520.388665
342.748266,123,3520.895917
299.784793,111,3521.352371
359.563654,125,3521.870054
314.206653,115,3522.346268
301.175748,116,3522.828764
336.945172,121,3523.31872
318.575748,113,3523.784407
368.551204,136,3524.343647
337.618014,124,3524.845377
346.59728,135,3525.391682
326.833004,121,3525.886425
379.753692,139,3526.45209
366.180562,129,3526.987942
345.823916,129,3527.528871
349.136093,132,3580.404225
317.388327,114,3580.87563
341.893399,123,3581.379722
302.997305,113,3581.846409
293.038524,109,3582.297171
318.716466,118,3582.782706
250.973212,101,3583.200187
322.429286,121,3583.70021
304.441467,116,3584.178332
344.27254,122,3584.680976
364.733219,130,3585.212769
321.691203,117,3585.692745
365.091837,127,3586.217545
342.995657,121,3586.716577
359.376476,126,3587.23184
333.667291,122,3587.730673
289.691171,110,3588.183535
368.638133,129,3640.938319
287.661959,109,3641.391901
317.277398,116,3641.869767
291.525329,110,3642.327717
338.312369,123,3642.837848
289.85174,108,3643.285936
308.547554,113,3643.750704
362.946603,125,3644.26794
333.253997,121,3644.76655
352.689945,129,3645.303324
327.434844,122,3645.811356
343.672346,124,3646.324895
329.171432,118,3646.810608
306.823953,113,3647.273963
344.983977,131,3647.819381
360.79665,137,3648.379726
322.901004,119,3648.871482
339.344884,121,3701.614531
350.630351,125,3702.12922
319.69955,120,3702.624327
286.203899,108,3703.072432
305.280832,121,3703.573305
365.506319,130,3704.110816
315.148362,114,3704.581628
298.860877,108,3705.031136
335.196419,120,3705.52633
276.941912,111,3705.984252
336.882647,122,3706.493269
356.937746,130,3707.030415
264.365134,103,3707.454793
325.157544,120,3707.945841
360.436221,126,3708.461353
369.363936,132,3709.015971
300.151742,112,3709.487586
276.551154,107,3762.178311
347.290927,126,3762.701121
336.588295,122,3763.193285
317.186591,119,3763.683708
318.87032,115,3764.164273
364.18527,127,3764.697788
364.373836,132,3765.249892
326.122529,116,3765.735727
297.348442,112,3766.20436
361.172957,130,3766.743152
326.892898,125,3767.251206
304.789721,123,3767.765076
374.470199,133,3768.307117
314.848348,118,3768.819456
289.790728,108,3769.289204
304.682426,116,3769.767486
324.31227,118,3770.252876
328.134802,120,3823.107863
364.784821,129,3823.653448
326.455746,118,3824.141301
294.930655,113,3824.606734
327.000573,119,3825.098897
295.404845,112,3825.558798
332.152812,125,3826.07172
295.666239,111,3826.528525
310.331394,112,3826.988411
301.771796,113,3827.455735
315.411243,118,3827.940197
344.83615,135,3828.495782
362.57996,126,3829.012488
343.906594,129,3829.544771
307.112458,111,3830.003978
331.872149,125,3830.540726
326.495593,121,3831.074395
299.019903,119,3884.017074
198.635776,89,3884.38489
330.230252,123,3884.889662
305.046601,115,3885.362802
321.229652,119,3885.853782
346.877225,128,3886.379838
326.424127,120,3886.87218
278.106597,110,3887.321349
268.88908,108,3887.766927
318.09525,128,3888.291943
283.560638,107,3888.728929
299.767805,112,3889.188933
363.721884,127,3889.714596
300.604417,112,3890.17662
341.535121,121,3890.676864
312.267188,122,3891.178422
314.745511,119,3891.667396
318.577247,117,3892.148611
314.860325,120,3944.939588
343.618586,132,3945.495138
314.372663,116,3946.016287
339.281495,124,3946.528052
318.112979,117,3947.005771
306.34652,113,3947.472095
242.087372,97,3947.872725
333.030696,122,3948.373795
373.300544,130,3948.908887
316.569319,117,3949.388105
303.89198,113,3949.854407
283.268544,106,3950.28595
323.175267,121,3950.785866
314.209695,122,3951.290602
327.316568,119,3951.785095
299.874674,112,3952.242833
303.817529,113,3952.704304
375.985986,128,4005.590263
314.71667,113,4006.059558
305.462749,118,4006.544561
334.135532,122,4007.045854
112.553992,62,4007.29846
293.0197,108,4007.741544
348.241069,124,4008.255012
317.995563,118,4008.739878
295.498623,111,4009.199207
340.021192,126,4009.779305
303.177659,111,4010.237397
343.074828,120,4010.730799
299.252372,111,4011.19133
309.34921,115,4011.666318
330.44679,120,4012.157938
277.882795,111,4012.616927
349.052162,126,4013.127058
295.650351,114,4013.596284
317.549059,116,4066.480906
343.864542,129,4067.01392
319.920995,119,4067.507796
322.715823,116,4067.984075
163.91402,78,4068.303046
339.308517,121,4068.796552
329.192332,120,4069.292353
304.143188,117,4069.77807
370.235426,129,4070.312288
351.083054,124,4070.824659
335.100218,120,4071.31832
170.465024,85,4071.666903
356.226022,127,4072.188166
329.80179,120,4072.674621
337.119346,122,4073.176298
324.428481,120,4073.730073
292.326448,115,4074.20665
336.734609,130,4127.16039
313.557163,113,4127.625263
312.451452,114,4128.0898
365.204408,133,4128.637462
342.246781,121,4129.139865
327.470115,120,4129.632175
312.493536,119,4130.128061
311.646477,115,4130.604819
291.861576,114,4131.076634
353.715651,125,4131.593508
311.605853,114,4132.065251
354.782293,131,4132.60808
319.513311,118,4133.094429
329.762184,119,4133.586948
299.687369,114,4134.060215
332.209209,124,4134.572619
329.320119,121,4135.072914
299.599274,116,4135.598879
318.632273,117,4188.394196
321.093051,118,4188.879347
337.56557,122,4189.381961
336.733041,125,4189.897372
366.970702,132,4190.438396
329.301977,126,4190.954447
340.900248,123,4191.457933
300.718814,113,4191.921245
303.357314,115,4192.391873
339.578569,125,4192.905499
318.525485,121,4193.40186
303.878187,119,4193.891511
345.793806,122,4194.391213
339.927641,123,4194.897443
353.057959,132,4195.447333
303.462119,115,4195.917452
74.219393,43,4196.093516
331.233358,120,4248.936365
303.113438,121,4249.435319
383.206963,136,4249.999052
351.27052,126,4250.512914
289.259735,112,4250.970392
338.103422,122,4251.475274
289.122426,108,4251.920643
321.215145,120,4252.412146
310.755641,117,4252.887928
314.823732,120,4253.37899
299.636827,117,4253.857175
323.362906,118,4254.344095
341.213264,122,4254.846996
336.222124,119,4255.351779
313.861098,114,4255.819938
339.402865,121,4256.323142
310.364727,124,4256.833427
333.245158,119,4309.756123
325.511725,125,4310.271188
315.667242,121,4310.768394
305.250859,122,4311.270958
281.627402,119,4311.760161
306.628409,120,4312.249341
316.53911,115,4312.720015
373.361512,131,4313.260804
333.88228,119,4313.749832
359.954618,125,4314.264756
336.732729,124,4314.772103
347.718567,132,4315.321041
292.957105,109,4315.76764
326.875488,119,4316.257555
331.090912,123,4316.761655
351.194888,123,4317.263259
354.090185,127,4317.793371
310.844149,117,4370.629871
366.797182,130,4371.168501
341.137773,123,4371.722028
278.262818,106,4372.174281
353.977101,124,4372.687161
354.565249,127,4373.207642
339.725928,128,4373.734327
309.608209,113,4374.197934
324.504791,120,4374.687146
323.618681,128,4375.218721
315.639367,116,4375.694151
350.345322,123,4376.1981
296.468225,109,4376.644571
327.620506,119,4377.130038
259.580766,102,4377.553903
361.080168,128,4378.073802
286.890115,110,4378.527815
355.672883,125,4431.367336
342.878273,122,4431.87472
330.483657,121,4432.374093
286.493288,109,4432.819666
366.46883,130,4433.356429
330.087656,121,4433.907559
350.653308,124,4434.411453
362.64714,129,4434.950895
340.270849,131,4435.507208
360.821501,131,4436.038717
305.346312,120,4436.528157
353.138131,127,4437.047218
352.677078,122,4437.553445
308.36463,115,4438.025956
325.877558,123,4438.533336
348.325743,123,4439.039109
325.848788,115,4439.507041
327.292005,120,4492.477566
342.545492,128,4493.00742
338.697962,128,4493.536223
379.298359,133,4494.087842
365.907926,127,4494.67065
350.056444,122,4495.190091
360.065525,133,4495.747635
339.253633,125,4496.27622
310.02663,120,4496.777397
350.835058,123,4497.289348
310.810402,115,4497.762304
343.430363,126,4498.279257
299.984842,109,4498.732095
332.468468,119,4499.221231
350.168065,126,4499.738972
363.254522,127,4500.259851
290.693171,109,4553.034296
199.7224,86,4553.390712
339.477498,124,4553.896947
343.67727,121,4554.391931
352.701262,126,4554.900095
318.202137,120,4555.391405
346.909772,128,4555.907376
341.064552,123,4556.416101
370.187034,133,4556.973469
368.800311,132,4557.556688
306.68564,119,4558.069989
306.825884,116,4558.550413
332.42113,122,4559.04241
348.018402,124,4559.542248
361.463941,131,4560.071183
338.177348,122,4560.573601
315.618686,117,4561.064965
353.807506,125,4613.924567
271.000671,109,4614.374671
325.17042,123,4614.878926
297.155043,111,4615.349745
332.019742,128,4615.877593
329.952714,122,4616.376515
291.735476,111,4616.832297
355.588459,126,4617.347984
354.765193,128,4617.873502
354.845468,125,4618.409845
321.385933,116,4618.933126
321.273845,120,4619.428912
332.173398,120,4619.923981
354.01751,129,4620.457544
327.354617,119,4620.948764
334.966456,119,4621.43205
362.577416,133,4621.980535
343.739319,129,4674.892848
354.870493,125,4675.419444
356.16529,124,4675.925978
377.896878,132,4676.471298
346.229767,123,4676.976158
359.705281,131,4677.515007
311.89548,117,4677.992059
320.489137,119,4678.480117
330.540783,123,4678.984437
325.842712,125,4679.494444
385.081975,133,4680.047735
354.408231,128,4680.572798
322.452425,127,4681.101209
331.270991,128,4681.632768
333.528676,125,4682.148288
333.851464,119,4682.690823
346.795836,129,4735.611263
341.324262,121,4736.112063
355.136905,125,4736.665912
340.927714,127,4737.204338
313.876695,116,4737.675123
309.35798,122,4738.185333
359.082472,134,4738.751913
330.238179,126,4739.279661
288.81359,110,4739.728251
351.919092,127,4740.260557
320.37016,117,4740.741957
366.517798,132,4741.292965
332.196459,118,4741.774384
337.32554,120,4742.276601
343.549928,123,4742.79579
359.256939,129,4743.337976
329.992989,120,4743.861128
334.248136,118,4796.721169
300.478981,114,4797.192986
343.668343,121,4797.691976
301.822178,120,4798.188018
303.363181,112,4798.698731
375.577554,132,4799.252029
344.842949,129,4799.779861
338.860115,128,4800.305806
331.027478,124,4800.814794
282.730997,107,4801.256612
301.954666,109,4801.708185
338.480408,120,4802.19651
324.398555,120,4802.692764
309.814744,116,4803.166154
350.132218,125,4803.678193
304.807069,114,4804.14535
330.987635,124,4804.654847
344.506405,124,4857.633641
331.258854,122,4858.145077
344.451973,121,4858.648472
359.057986,133,4859.194218
204.476717,93,4859.581751
350.947783,127,4860.103654
345.892612,128,4860.624086
322.756481,125,4861.136025
375.535823,137,4861.695061
328.383256,120,4862.185014
283.803237,107,4862.679047
350.58446,122,4863.170247
299.570195,113,4863.630919
368.007706,132,4864.171456
325.291108,120,4864.664321
338.845686,121,4865.157081
317.202166,115,4865.626255
345.788794,129,4918.487544
315.814012,125,4919.002475
289.831053,116,4919.487437
328.757893,121,4919.977211
278.540668,113,4920.436056
374.425552,130,4920.970918
233.960484,95,4921.362128
341.592109,124,4921.876221
307.748316,113,4922.341617
322.405746,124,4922.85011
267.815661,104,4923.276129
327.278933,124,4923.782841
356.089611,131,4924.318936
336.559337,126,4924.903104
329.442659,121,4925.403842
350.690269,125,4925.915195
349.494963,128,4926.438994
92.707777,52,4979.044132
368.971392,126,4979.57267
340.720651,125,4980.093654
355.174774,130,4980.628918
366.65423,128,4981.15327
351.801253,132,4981.692429
318.711313,119,4982.182299
310.880176,113,4982.650396
359.021336,127,4983.174668
348.527472,127,4983.699176
379.849632,129,4984.230394
361.597551,129,4984.764855
369.11251,126,4985.284482
337.028907,130,4985.818011
370.988055,128,4986.344964
335.958836,125,4986.857023
290.645524,110,4987.302916
336.160856,123,5040.195244
342.600941,122,5040.748319
350.997532,130,5041.287677
339.330004,123,5041.803775
355.779005,132,5042.336481
322.677542,123,5042.85082
370.897831,135,5043.4117
299.856803,109,5043.898149
306.558983,113,5044.439794
352.259893,123,5044.964494
333.513062,125,5045.487267
334.259807,118,5045.978163
321.468124,116,5046.495377
365.853521,133,5047.035181
338.509051,122,5047.527019
332.032397,123,5048.025689
311.895857,119,5100.834651
331.402903,117,5101.315987
346.858916,129,5101.838276
380.817026,134,5102.377265
359.430912,129,5102.908286
328.361663,130,5103.442389
344.717642,126,5103.959236
273.71181,117,5104.459219
331.360199,127,5105.026354
312.465845,115,5105.50379
352.448097,127,5106.026211
346.393233,122,5106.519324
358.660114,133,5107.052499
314.605742,123,5107.562757
308.182259,116,5108.031617
314.954488,118,5108.512697
352.268255,132,5109.056089
343.767349,126,5161.855087
333.905114,125,5162.373524
318.777591,120,5162.867405
367.94389,129,5163.401643
345.441733,123,5163.899387
372.518181,128,5164.427136
297.035042,112,5164.895619
315.422518,120,5165.389637
334.041109,121,5165.883903
334.108781,133,5166.452267
353.246465,129,5167.018116
349.240555,126,5167.53945
342.153428,129,5168.063232
326.990019,118,5168.550361
331.708272,119,5169.044067
347.199685,128,5169.573758
362.375413,128,5222.538625
344.874043,125,5223.065473
367.340331,128,5223.602891
328.859038,128,5224.133767
367.898944,128,5224.663489
291.005232,116,5225.13004
326.941399,131,5225.684356
362.281726,131,5226.239949
298.994704,110,5226.691876
326.679722,119,5227.188417
311.09329,114,5227.696021
308.091223,114,5228.216183
354.314465,129,5228.799531
328.349799,130,5229.355837
343.500826,127,5229.864127
389.950438,133,5230.428398
366.284941,131,5231.018279
344.201682,126,5286.394269
373.207539,133,5286.995291
360.156229,128,5287.56686
367.907284,130,5288.219726
356.189094,135,5288.927058
326.285103,118,5289.452523
307.485814,114,5289.960645
372.961954,130,5290.621146
309.282415,115,5291.161839
352.538908,127,5291.733054
344.339196,128,5292.296005
341.287453,125,5292.857224
338.346293,123,5293.405941
279.713487,112,5293.908979
317.946844,116,5294.450567
372.844192,138,5295.117011
352.688436,132,5351.615932
260.229924,108,5352.071867
236.093912,97,5352.48146
358.414666,133,5353.078924
346.401044,129,5353.61843
351.294051,134,5354.183286
326.405426,125,5354.790044
353.519357,126,5355.4199
349.94572,125,5356.052002
361.922385,127,5356.661509
368.123202,130,5357.34932
365.44238,125,5358.069815
323.040498,121,5358.734121
364.172784,139,5359.518911
334.051092,120,5360.123676
152.640468,75,5360.560529
331.235027,123,5361.24495
308.528532,121,5417.611633
340.993662,127,5418.225961
357.229167,129,5418.781041
331.894407,122,5419.320995
357.56522,129,5419.919951
328.242974,121,5420.466181
322.576681,118,5421.012392
336.201815,122,5421.564119
316.800239,116,5422.084152
347.897383,125,5422.642119
326.667408,121,5423.190472
357.790817,126,5423.75897
349.338327,127,5424.337672
369.03537,128,5424.91001
372.145469,141,5425.556434
359.170715,131,5426.141279
368.982699,137,5482.797058
366.590991,133,5483.425353
335.068186,119,5483.946669
288.901772,113,5484.431072
338.58501,123,5485.036013
309.19291,118,5485.612427
340.748834,127,5486.200343
364.392749,126,5486.817036
369.889394,131,5487.362725
370.966173,132,5487.909501
351.167593,130,5488.50427
296.587548,118,5489.064284
384.742051,134,5489.707638
321.961029,121,5490.220503
326.456826,117,5490.790831
318.134052,118,5491.393625
339.290179,120,5491.988933
357.204031,130,5546.912741
350.364343,134,5547.505639
350.595777,131,5548.068619
375.281984,131,5548.630991
357.321711,129,5549.179502
341.064464,124,5549.687917
355.513744,134,5550.300841
336.439899,124,5550.913304
368.320868,131,5551.651353
339.049648,124,5552.256781
346.123652,125,5552.827286
356.401716,129,5553.410391
367.134938,129,5554.016908
350.082048,129,5554.612824
332.404735,129,5555.221495
369.865409,136,5609.502996
333.93569,122,5609.99239
330.851158,125,5610.512312
337.668002,121,5611.038897
308.161376,118,5611.508851
360.165188,128,5612.023733
368.646217,127,5612.538336
345.47138,124,5613.031596
334.098742,120,5613.511933
370.210167,130,5614.041526
352.176548,131,5614.568126
357.420196,129,5615.101047
355.015777,131,5615.629041
327.779908,117,5616.120099
381.697263,131,5616.668808
299.501898,113,5617.133616
313.796341,116,5617.622319
317.47547,113,5671.192887
323.139734,131,5671.758029
301.830176,116,5672.2549
313.757896,118,5672.761316
360.568864,129,5673.283077
315.693603,117,5673.821248
338.93943,128,5674.341663
359.118447,129,5674.885812
326.571901,122,5675.397194
45.213425,26,5675.508074
339.235021,126,5676.025292
325.430028,123,5676.541272
352.894965,131,5677.22498
342.69394,128,5677.908412
346.043739,128,5678.573017
312.500108,121,5679.183491
355.610591,129,5679.839823
358.212174,129,5734.090689
305.940126,115,5734.551853
342.755791,127,5735.060016
305.290823,120,5735.573129
365.445124,133,5736.139892
350.363722,125,5736.665104
312.132135,116,5737.131577
323.538085,115,5737.637227
363.729651,133,5738.181334
197.243914,92,5738.550589
323.060025,116,5739.016295
342.911383,129,5739.539174
318.052939,125,5740.043928
323.275208,121,5740.528099
318.391162,121,5741.058131
329.015404,123,5741.548091
345.01308,129,5742.06951
364.319303,128,5796.497334
332.415689,124,5797.081543
364.90261,134,5797.706035
358.641285,129,5798.22392
302.147873,115,5798.687618
329.255945,118,5799.424134
385.455688,135,5800.085286
344.623116,127,5800.689763
352.906672,130,5801.248647
373.343532,130,5801.771301
327.787485,118,5802.242708
333.254945,122,5802.773
369.14971,129,5803.286618
373.513364,133,5803.816286
313.551315,120,5804.290217
366.513602,136,5804.847703
352.613845,126,5858.05001
333.855914,122,5858.555136
159.933889,76,5858.860238
362.637377,127,5859.367146
351.454099,127,5859.880963
305.739763,118,5860.359578
356.188698,129,5860.870614
358.889174,125,5861.383753
275.610598,109,5861.834802
339.461877,123,5862.33349
346.485644,124,5862.847801
338.494515,124,5863.36072
348.693888,126,5863.885211
325.774637,125,5864.411407
325.864374,120,5864.897547
341.784641,121,5865.404323
359.069264,133,5865.961124
280.63945,114,5918.901093
369.68131,135,5919.454066
337.624563,125,5919.96727
358.189941,129,5920.496644
365.546737,127,5921.016269
328.560417,123,5921.519409
356.281001,130,5922.050326
343.490899,132,5922.594706
366.17098,126,5923.115496
334.83084,119,5923.609501
321.677931,121,5924.10809
367.808028,141,5924.689408
339.051651,120,5925.184936
346.193955,125,5925.704054
346.49062,125,5926.221474
346.651067,123,5926.781308
352.490681,127,5979.842541
312.093494,116,5980.323902
346.88144,128,5980.85101
352.510648,129,5981.37927
329.322556,122,5981.873094
339.008715,120,5982.362955
343.582124,127,5982.888055
333.655341,120,5983.380862
338.056977,120,5983.875435
359.49439,131,5984.415959
353.473514,128,5984.940159
323.04607,120,5985.431658
371.596198,129,5985.958683
342.86355,125,5986.471367
290.712132,111,5986.929925
349.008954,129,5987.459611
337.572737,119,5987.949629
337.794718,123,6040.974126
362.215122,133,6041.515864
361.943791,131,6042.056622
359.662123,126,6042.575732
341.262284,124,6043.085141
354.716812,134,6043.685411
370.00745,133,6044.239923
331.810752,127,6044.756944
303.96578,113,6045.222965
320.725754,116,6045.692751
274.575114,110,6046.136477
43.173793,25,6046.237344
363.503717,135,6046.78675
353.220611,124,6047.296163
375.983243,137,6047.851011
321.698902,120,6048.341641
358.206978,129,6048.872808
352.732267,130,6101.871738
339.753792,124,6102.381269
265.778672,111,6102.836451
275.53201,103,6103.261455
338.572566,124,6103.767475
381.672706,134,6104.321616
366.392843,130,6104.85686
348.907312,124,6105.363952
356.572003,124,6105.876838
354.655538,129,6106.404733
359.045766,125,6106.917969
349.861983,129,6107.470248
360.392611,130,6108.030884
359.657383,130,6108.56613
348.762823,126,6109.084925
343.94132,126,6109.607051
322.052904,124,6162.499719
351.514624,127,6163.026851
335.858973,122,6163.530164
354.609218,125,6164.033188
359.711802,128,6164.552088
344.771604,126,6165.064798
340.796681,129,6165.593693
378.35617,135,6166.151313
338.081451,123,6166.659589
348.879187,125,6167.180304
361.738007,135,6167.74356
334.250788,124,6168.263129
339.847277,123,6168.778774
349.317402,124,6169.295151
359.0731,129,6169.834723
324.412858,118,6170.314568
370.591758,134,6170.870019
341.06335,124,6224.117227
344.666094,125,6224.632574
334.264036,129,6225.165629
347.123609,131,6225.700228
308.549284,115,6226.17954
327.744403,119,6226.662819
341.445845,126,6227.171546
353.807783,130,6227.695314
320.823007,123,6228.196791
314.196993,127,6228.712697
388.658753,147,6229.365525
359.855812,129,6230.110985
342.639839,127,6230.687036
279.447717,108,6231.120525
332.461106,120,6231.604161
339.478487,124,6232.102759
343.500297,120,6285.678373
340.345095,130,6286.215931
316.14793,116,6286.680616
370.041397,132,6287.224814
342.061752,123,6287.737733
348.530015,131,6288.282623
339.700566,124,6288.811662
350.386787,131,6289.371774
270.416431,109,6289.81002
340.508336,122,6290.295971
340.857405,122,6290.811463
363.865617,129,6291.325963
351.707851,128,6291.861916
364.037802,131,6292.40754
357.476737,133,6292.961995
370.083104,128,6293.483619
303.969457,123,6346.727839
357.812606,128,6347.310743
361.221284,126,6347.872802
296.08257,112,6348.378187
292.17248,112,6348.892267
353.571539,125,6349.482976
321.528078,119,6350.038948
358.55025,126,6350.628835
332.813875,123,6351.195314
326.860448,126,6351.828809
291.391126,120,6352.397309
352.57619,133,6353.005471
342.319258,131,6353.61683
345.250422,123,6354.185645
357.449615,131,6354.729152
364.864613,135,6355.349546
306.597572,114,6355.831027
338.633794,123,6410.131078
368.11725,133,6410.663785
323.656576,119,6411.142478
336.977866,128,6411.65423
349.243518,131,6412.184349
332.651616,122,6412.665055
