#{"t_start": 1545807783.0480862, "gym_version": "0.10.8", "env_id": "Hopper-v2"}
r,l,t
8.257005,10,148.518022
11.712033,14,148.576533
34.572357,32,148.710216
11.329216,17,148.781805
5.748244,14,148.842759
20.267673,25,148.945843
4.994501,8,148.977857
21.665647,26,149.087765
13.590341,16,149.154675
6.361601,10,149.197846
22.455012,26,149.305961
6.009822,8,149.340434
15.044716,20,149.427588
16.431016,23,149.523394
19.402499,33,149.660946
7.906666,11,149.709384
9.903845,13,149.760103
7.180755,16,149.829022
14.891068,17,149.900926
15.784233,30,150.034101
2.446356,22,150.126482
15.567927,16,150.192986
25.999263,29,150.316316
10.860611,25,150.41716
22.134631,27,150.529461
42.122443,37,150.684686
9.036395,16,150.749129
9.961831,13,150.803657
9.787534,16,150.868443
26.199602,28,150.983405
27.249904,25,151.088786
9.148975,22,151.180238
19.418432,25,151.284889
15.495903,19,151.370463
18.492861,21,151.457109
18.406107,18,151.532315
9.191555,15,151.592255
10.782702,15,151.656332
8.060145,12,151.705148
27.440566,43,151.885303
6.728493,12,151.936656
13.039866,23,152.0328
42.470133,43,152.213158
7.507304,13,152.267821
8.172012,13,152.320238
70.643812,45,152.508237
12.602931,16,152.579375
8.378658,10,152.621575
8.461027,13,152.67285
10.214497,17,152.744859
20.200726,17,152.814348
8.131221,34,152.958161
4.336378,9,152.996328
6.13338,13,153.048582
44.579995,39,153.213294
21.227638,22,153.306843
7.605267,11,153.352612
4.722396,9,153.389262
18.201683,22,153.481701
16.70111,21,153.570302
29.000678,51,153.785585
20.308287,22,153.875802
8.286068,13,153.931334
22.078504,18,154.009823
12.644383,14,154.064073
20.678552,30,154.189067
8.474414,11,154.236194
27.52329,35,154.382633
8.425458,14,154.439895
10.570518,14,154.496504
28.544631,25,154.598903
9.328917,13,154.652539
11.057199,16,154.718351
28.381251,26,154.825843
6.897243,11,154.873746
22.979139,22,154.965242
9.75582,11,155.010751
12.853253,22,155.103436
9.745579,21,155.188585
7.575436,12,155.236979
6.509283,10,155.276644
9.55441,23,155.39352
12.90471,16,155.469279
7.40544,15,155.532971
8.011459,11,155.587379
24.851941,29,155.713178
5.962748,8,155.75093
7.190252,9,155.792361
9.788452,15,155.854906
7.911521,14,155.912267
8.269768,13,155.967139
63.385846,41,156.138282
15.422197,16,156.201502
5.442684,9,156.235787
11.840574,20,156.318917
27.390833,40,156.483402
23.424272,34,156.628222
8.121535,26,156.738079
11.247315,22,156.832175
9.452257,11,156.879671
10.1188,14,156.936905
14.66336,19,157.017571
5.130071,7,157.045034
4.438028,8,157.079516
79.352725,48,157.282735
8.370458,14,157.341354
13.588206,18,157.412967
17.875249,32,157.552649
11.045638,20,157.635849
8.799493,18,157.713227
10.725855,32,157.844219
13.046181,27,157.956674
31.760958,27,158.064846
4.094477,8,158.097318
8.054205,10,158.140537
13.078085,14,158.196254
59.004813,42,158.373056
6.692969,9,158.409364
6.468737,8,158.441876
71.042747,47,158.63665
7.575791,17,158.70906
12.347314,24,158.808827
6.787235,26,158.913439
15.456134,17,158.984556
6.991101,14,159.043436
5.748079,11,159.088392
8.417298,17,159.157411
6.097663,21,159.245803
7.991807,11,159.291822
14.885702,25,159.39587
5.101914,8,159.429735
5.881008,12,159.479151
24.457923,24,159.579629
7.094998,10,159.622423
5.65707,14,159.680777
14.215645,16,159.744818
14.453124,18,159.816793
6.627984,9,159.854473
9.762142,12,159.903852
29.758506,25,160.008396
8.499358,11,160.053621
12.761143,13,160.105062
88.366294,55,160.329313
37.90851,31,160.4589
8.38079,20,160.543154
7.55656,11,160.589267
11.095568,15,160.651511
5.663777,8,160.685327
8.838777,11,160.732728
6.435652,13,160.788175
9.62367,14,160.847708
9.870326,17,160.924062
4.762789,12,160.973703
10.700031,15,161.053686
10.228114,11,161.104465
28.151433,32,161.243176
19.145415,23,161.361779
5.763176,11,161.429756
51.773295,46,161.653327
14.548553,31,161.796583
12.215425,19,161.878451
14.662712,18,161.954588
9.082785,12,162.003268
9.36599,12,162.052564
16.693744,17,162.124658
38.127667,33,162.269014
13.191076,15,162.332865
14.382613,15,162.394189
7.661861,12,162.445178
13.224684,22,162.537722
6.478106,17,162.62326
5.848455,10,162.669242
18.781397,23,162.765888
34.967694,36,162.917318
16.224046,23,163.016146
13.21924,14,163.088778
15.226943,14,163.152666
17.216632,18,163.229896
12.382423,16,163.299046
8.421251,11,163.344163
3.591371,9,163.383307
7.500806,19,163.470364
4.732576,10,163.512255
5.882944,8,163.54735
12.44652,21,163.63228
6.302493,11,163.68125
9.161704,11,163.725786
6.159726,25,163.827312
12.831329,22,163.919307
5.670169,11,163.96561
10.729911,12,164.018438
11.122912,15,164.076229
28.225954,27,164.188776
9.943062,15,164.250297
25.077423,29,164.37726
15.268257,17,164.447504
5.377885,10,164.489458
9.665386,19,164.565223
16.606939,20,164.64885
21.905813,18,164.725759
10.951445,17,164.796562
25.126978,39,164.960021
6.256062,11,165.004998
14.624236,16,165.07197
15.830984,17,165.146162
25.797767,21,165.236635
9.402876,14,165.296063
24.565536,20,165.380861
7.876214,11,165.425234
3.268353,25,165.527936
5.870844,9,165.563884
7.363297,11,165.608632
6.212373,12,165.659839
7.335443,10,165.703479
19.039267,18,165.779341
7.646529,10,771.766371
25.041359,31,771.895774
9.277085,12,771.950461
9.773719,12,771.99932
22.04691,32,772.128918
38.072439,31,772.257164
8.189725,12,772.31755
18.325678,19,772.416565
13.548638,16,772.49297
4.999075,8,772.529408
16.089925,16,772.614456
124.846838,77,772.946244
17.733363,22,773.039433
58.238142,41,773.213043
4.11949,10,773.254783
31.322513,28,773.376932
27.063552,32,773.510922
18.941779,22,773.605041
11.702531,16,773.670792
12.744404,13,773.724512
9.34997,14,773.781126
16.007962,17,773.852526
14.312938,15,773.913543
15.23676,18,773.989707
72.13414,43,774.169195
10.49832,13,774.222672
15.425021,15,774.28546
26.148356,28,774.405781
30.903782,47,774.601737
96.392108,55,774.827891
54.41265,51,775.038301
23.793802,25,775.144795
103.822306,56,775.383789
9.774495,29,775.509451
13.083201,14,775.569458
64.278009,51,775.783789
57.871849,42,775.957016
7.830461,16,776.025137
9.573031,18,776.103049
13.604314,17,776.174093
16.299396,19,776.254254
21.797082,29,776.373422
17.165357,19,776.450276
15.273421,19,776.53012
8.063025,10,776.573716
48.02445,66,776.850357
5.970909,11,776.898237
7.051534,11,776.943938
19.503639,19,777.03265
12.846536,16,777.101715
17.524277,33,777.239448
15.00029,16,777.307534
8.410991,15,777.375413
13.827517,19,777.457031
53.191299,43,777.638916
37.51194,34,777.784561
8.006517,17,777.853745
8.048916,10,777.897518
19.936363,22,777.990733
6.426961,13,778.046111
15.641056,17,778.117751
19.298411,35,778.265629
9.879102,13,778.32295
101.809368,60,778.581627
23.512511,20,778.666338
7.306832,9,778.705634
17.492223,16,778.770021
10.681895,16,778.837404
18.762101,18,778.914892
12.586139,16,778.985249
110.428972,68,779.276054
8.557336,16,779.344709
30.184147,26,779.452964
9.385228,16,779.522415
10.420734,13,779.575363
126.736979,83,779.928449
21.210788,20,780.013551
10.897317,15,780.077653
41.549971,35,780.225272
13.615225,23,780.324314
16.884777,21,780.411559
14.724215,20,780.496173
53.063542,44,780.681432
19.631465,26,780.793305
21.329328,20,780.87766
77.48931,58,781.121785
6.975188,9,781.160722
7.032801,9,781.198893
11.05488,26,781.312703
25.702508,28,781.431219
50.019403,39,781.597417
25.856874,35,781.745135
22.829036,20,781.83066
35.429091,32,781.964282
85.526907,63,782.231314
8.913541,12,782.280612
126.303404,103,782.721236
72.138554,43,782.90109
23.865717,27,783.011317
14.149072,15,783.077603
28.983199,44,783.260684
27.061679,26,783.385061
18.789463,19,783.484087
13.099759,22,783.588105
7.074566,10,783.630668
8.850362,14,783.689761
11.908047,15,783.757742
12.888996,20,783.839131
57.246835,65,784.110645
11.656964,16,784.177763
13.102521,21,784.265163
13.242196,20,784.350166
11.122072,16,784.415525
9.206483,12,784.464447
118.670618,76,784.78358
115.907334,70,785.076652
15.889151,23,785.169217
159.777729,95,785.562835
192.392231,87,785.916298
11.693877,21,786.005638
45.942858,43,786.187311
25.668501,23,786.284076
72.816891,43,786.465244
116.748773,67,786.740803
22.620223,23,786.838954
38.30245,30,786.965167
7.708109,11,787.011165
18.328944,18,787.087217
13.491442,22,787.17909
20.839558,22,787.276468
8.564677,11,787.324415
14.341368,14,787.380798
8.697708,10,787.424885
35.725456,53,787.643085
8.293057,10,787.685086
18.440646,19,787.762887
76.039405,51,787.976901
8.436676,12,788.026167
24.128319,33,788.163556
14.689289,15,788.229835
19.44509,20,788.314103
63.814283,53,788.538997
24.505463,25,788.644514
24.988511,27,788.75724
162.510597,79,789.091726
29.248842,35,1164.797192
102.809053,56,1165.027709
11.544861,18,1165.102062
47.689732,33,1165.242798
9.429967,18,1165.324075
16.748443,20,1165.430411
160.986677,104,1165.895858
149.887374,75,1166.203367
8.658975,11,1166.248586
34.809497,35,1166.395013
86.507775,49,1166.59297
155.013873,83,1166.930112
24.352036,24,1167.028188
123.275092,65,1167.296358
55.403838,54,1167.514153
9.141728,12,1167.564727
12.990159,13,1167.618481
67.361422,81,1167.952761
7.018502,13,1168.005061
10.685365,15,1168.069287
87.228083,52,1168.293441
9.331298,11,1168.341785
17.878624,22,1168.439608
84.454937,48,1168.640964
83.227063,56,1168.876354
38.995172,30,1169.001459
25.805121,24,1169.103694
146.39789,85,1169.454658
20.921004,24,1169.555626
133.666492,70,1169.839467
10.57006,12,1169.889195
112.805607,60,1170.140077
106.056017,58,1170.384127
180.61968,83,1170.722828
36.301708,29,1170.840532
64.947498,40,1171.001893
26.283367,38,1171.156403
20.778175,20,1171.237397
114.425578,61,1171.483843
172.76398,79,1171.809536
10.649938,12,1171.857601
17.157171,16,1171.922673
18.180155,22,1172.013008
230.07002,121,1172.509512
13.192623,14,1172.564792
8.140781,16,1172.626617
82.977834,71,1172.91635
10.957224,25,1173.017928
19.927174,29,1173.137299
32.124664,32,1173.26765
139.50144,70,1173.55352
80.732579,49,1173.757849
17.176562,20,1173.838736
19.806196,27,1173.950554
164.996308,86,1174.30578
89.815389,52,1174.516193
39.507921,30,1174.640645
14.723201,15,1174.703053
70.322027,45,1174.891881
11.080327,12,1174.94032
77.328003,43,1175.117715
45.737389,45,1175.30251
8.277726,10,1175.345764
32.128671,36,1175.493076
17.172379,20,1175.57288
114.99855,61,1175.826886
131.173816,72,1176.118763
42.893571,42,1176.296916
12.395627,14,1176.355072
181.558977,102,1176.832426
26.895832,28,1176.946202
6.23959,9,1176.983148
91.888909,51,1177.191884
278.664669,127,1177.720675
64.247244,41,1177.888136
62.087614,38,1178.049249
88.376814,51,1178.264844
80.222285,51,1178.47667
14.123626,15,1178.537773
83.585384,63,1178.794423
123.574001,70,1179.084605
73.367743,43,1179.256597
10.701729,14,1179.315081
18.680393,20,1179.397152
10.748524,21,1179.480596
11.301498,13,1179.532094
37.145399,30,1179.655872
76.671036,56,1179.886698
69.784969,41,1180.056458
55.275712,39,1180.215745
23.279885,20,1180.300091
71.236921,43,1180.479997
18.014143,17,1180.549809
120.554392,64,1180.817878
211.277825,114,1181.289114
64.075448,44,1181.464887
227.35729,128,1561.392437
92.525375,57,1561.62467
80.831415,48,1561.83459
149.068358,75,1562.182067
188.197419,115,1562.68327
89.404863,50,1562.886216
72.576423,53,1563.107905
204.855757,90,1563.516724
130.060309,70,1563.860917
36.766515,48,1564.070676
215.049532,109,1564.520634
86.121423,48,1564.7191
20.143679,21,1564.808348
10.905407,13,1564.861574
35.841509,36,1565.008377
12.40483,16,1565.072843
38.711276,30,1565.196882
133.302252,69,1565.476333
15.412092,18,1565.549406
56.684467,38,1565.704658
67.752675,40,1565.868412
122.626629,64,1566.125134
122.582333,79,1566.445439
155.048958,77,1566.753145
205.356713,98,1567.14448
98.05883,55,1567.368082
83.491172,49,1567.568455
15.436962,23,1567.663389
9.41183,12,1567.71303
20.689293,23,1567.806279
38.526122,29,1567.925795
188.14238,87,1568.283823
95.081609,63,1568.539364
207.634674,95,1568.929503
161.208039,82,1569.265216
15.935922,17,1569.335926
27.370903,34,1569.477825
72.204661,47,1569.668211
63.590401,38,1569.827385
68.41733,41,1569.993131
251.34818,134,1570.546061
133.154171,66,1570.825732
11.101288,12,1570.87578
89.938551,50,1571.076459
98.721763,56,1571.316333
65.626187,42,1571.493908
80.110821,47,1571.688184
189.83773,87,1572.042519
110.439232,59,1572.289704
61.980741,37,1572.44473
71.048964,42,1572.614218
164.001968,77,1572.937765
17.092747,24,1573.033742
158.940981,78,1573.356422
152.330719,75,1573.666303
93.093815,52,1573.880578
162.2198,84,1574.221869
125.780417,68,1574.527871
21.801162,21,1574.622144
9.926759,12,1574.68615
154.230666,79,1575.036185
153.117365,82,1575.38133
85.064138,53,1575.603284
226.986698,104,1576.044306
85.475892,49,1576.2537
22.899786,25,1576.36121
6.547861,13,1576.414838
185.736539,87,1576.780493
74.914828,44,1576.957389
86.171876,54,1577.179757
85.695909,52,1577.389453
34.205152,36,1577.532501
179.869774,87,1577.882344
81.186619,47,1578.074308
176.280639,104,1954.687307
200.485093,90,1955.056025
190.243856,87,1955.420421
78.52533,46,1955.610759
224.05413,107,1956.047879
173.227601,82,1956.388309
48.358026,29,1956.505762
77.407617,45,1956.689588
49.900441,31,1956.817324
9.704324,11,1956.864309
92.206379,52,1957.075682
172.731514,84,1957.422471
119.33249,67,1957.700484
140.393275,72,1957.997704
201.441828,89,1958.363523
23.966359,23,1958.45779
243.60898,117,1958.928255
121.090209,62,1959.186612
212.619656,100,1959.660146
98.142743,55,1959.884257
54.841004,33,1960.01764
259.401568,134,1960.56559
69.416171,42,1960.73738
72.93541,44,1960.916526
212.715911,93,1961.291838
115.182238,61,1961.540889
140.347721,72,1961.841384
76.438812,45,1962.02312
216.852891,99,1962.425881
38.757112,31,1962.551191
247.267742,131,1963.080529
247.166107,128,1963.608636
124.253951,65,1963.875295
206.110897,100,1964.311095
219.273987,94,1964.740481
146.940647,73,1965.061477
89.764729,52,1965.281156
230.551741,112,1965.758399
129.338688,70,1966.072263
213.270349,96,1966.483244
216.144972,94,1966.985874
222.44135,97,1967.430194
15.104602,15,1967.49709
126.218994,66,1967.824516
168.403317,79,1968.14511
86.232072,51,1968.357987
110.333307,59,1968.595696
69.559281,43,1968.771115
257.231785,115,1969.261972
56.213962,34,1969.433469
74.668894,44,1969.642247
213.823847,99,1970.137427
85.411292,48,1970.38782
63.957271,39,1970.576811
97.045424,57,1970.851479
44.5007,27,1970.973035
177.987953,90,1971.355639
104.596565,58,1971.632944
74.308094,45,1971.828479
179.921976,87,2348.632675
122.917652,70,2348.920908
232.572223,113,2349.388799
67.486954,41,2349.552902
208.719721,93,2349.929298
109.172176,59,2350.174508
214.478487,110,2350.613446
209.509292,95,2351.003498
196.587398,94,2351.424951
233.815926,112,2351.910183
203.275187,93,2352.284968
209.19636,94,2352.666644
230.894307,119,2353.155946
197.255622,90,2353.5212
55.48808,34,2353.662821
148.230278,76,2353.969139
221.35469,97,2354.364293
208.900447,93,2354.744196
174.202507,81,2355.072918
205.502638,94,2355.451842
207.220217,98,2355.853855
205.361697,92,2356.224827
207.874515,93,2356.604413
228.27693,114,2357.07277
144.58362,70,2357.368901
148.148023,79,2357.691357
239.104821,118,2358.176172
224.256011,124,2358.685499
114.869091,66,2358.956936
165.749789,78,2359.276475
20.705924,28,2359.392308
213.844826,93,2359.776169
87.27819,51,2359.985759
186.687621,91,2360.354485
158.122684,75,2360.652905
109.310987,59,2360.893258
159.632237,76,2361.200824
59.821257,36,2361.349336
209.303398,93,2361.725863
94.165533,52,2361.932344
103.4386,56,2362.161806
58.43324,35,2362.307677
63.247069,39,2362.489819
176.209026,81,2362.85937
206.830777,97,2363.256134
210.658553,92,2363.632754
210.31409,110,2364.076478
99.563594,55,2364.306708
121.336858,64,2364.568688
219.996398,103,2364.98057
99.372564,54,2365.196275
234.299644,100,2743.253181
220.368134,97,2743.643432
68.614784,43,2743.816871
215.444038,94,2744.194279
216.365223,94,2744.636811
185.458845,90,2745.007504
230.307753,99,2745.414592
77.890705,58,2745.649515
209.731283,97,2746.046468
223.52525,95,2746.436809
223.799631,97,2746.836477
210.516071,94,2747.237797
82.069053,48,2747.428636
209.858598,91,2747.81755
214.306777,113,2748.286757
239.638586,110,2748.742503
222.375458,97,2749.143969
205.744138,92,2749.516221
81.280259,48,2749.718414
173.361289,83,2750.055958
217.844307,97,2750.452434
217.874343,107,2750.888779
229.69337,102,2751.309021
138.665578,69,2751.588004
199.6104,91,2751.967346
204.428717,92,2752.349752
173.978929,84,2752.69628
209.193078,93,2753.094413
195.211279,92,2753.492097
218.763878,98,2753.892726
160.933675,76,2754.20805
201.138253,94,2754.596328
80.865692,48,2754.797434
208.53009,93,2755.188426
201.903803,92,2755.585503
183.960922,84,2755.974732
203.429837,91,2756.348021
227.011601,99,2756.752306
91.367853,53,2756.973391
67.25329,40,2757.141925
206.60469,93,2757.521006
59.466778,36,2757.665678
213.50554,94,2758.049652
69.551983,42,2758.219078
192.827966,87,2758.577279
61.03427,37,2758.737211
51.079151,31,2758.86265
220.072598,104,2759.305719
117.406679,63,2759.560977
48.033798,29,2759.680433
62.414053,38,2759.832508
219.087958,102,3135.452166
222.915472,101,3135.866325
195.858608,87,3136.221291
218.186041,99,3136.621379
229.431475,103,3137.040277
163.973566,78,3137.379467
212.357042,92,3137.797724
203.408794,94,3138.182033
199.641542,87,3138.535248
190.603121,87,3138.884028
212.516057,93,3139.269053
213.838514,97,3139.664309
205.134342,90,3140.025553
218.5624,98,3140.427938
225.309155,100,3140.832556
227.045883,96,3141.22244
199.864944,90,3141.593338
207.837326,93,3141.975779
215.957359,94,3142.35772
222.654208,98,3142.760814
237.763991,106,3143.195101
184.704693,86,3143.548277
205.320137,90,3143.912589
57.357541,35,3144.051838
197.472933,88,3144.412688
58.122446,35,3144.550665
225.043318,101,3144.960676
215.900432,94,3145.346496
221.555277,98,3145.747841
205.478798,90,3146.119664
221.267915,99,3146.531134
222.725914,97,3146.931736
202.876858,91,3147.307703
229.908734,104,3147.728174
203.314315,89,3148.08883
212.186469,94,3148.503572
201.694368,89,3148.89881
212.919193,93,3149.282838
199.143908,89,3149.645401
196.737554,90,3150.010222
222.299312,101,3150.418555
213.187734,101,3150.849047
191.977276,86,3151.200558
47.692583,29,3151.320956
48.90924,30,3151.444189
203.460761,91,3151.811002
72.061413,43,3151.985317
237.629377,107,3527.091111
229.732338,102,3527.512437
228.961841,99,3527.909644
199.53983,88,3528.270201
201.849942,90,3528.640347
205.644347,94,3529.02967
205.645294,92,3529.401103
237.902985,113,3529.861809
212.168708,92,3530.237535
202.03521,93,3530.660338
205.335017,94,3531.069442
223.079566,100,3531.475657
69.138438,40,3531.63908
91.678861,53,3531.855062
211.607673,95,3532.242089
218.521409,96,3532.631637
215.210712,95,3533.022113
211.008868,91,3533.396734
217.280293,94,3533.773379
206.470307,93,3534.160193
204.401252,91,3534.525869
186.194371,83,3534.861406
233.690708,106,3535.298147
56.646973,34,3535.436259
63.757155,39,3535.593307
225.06015,104,3536.019764
198.312546,90,3536.385089
200.398709,91,3536.751898
221.032687,96,3537.148825
195.98281,88,3537.518455
209.583377,92,3537.894963
189.909909,89,3538.264786
217.240803,94,3538.650434
221.031248,99,3539.051977
65.509604,40,3539.21512
210.256267,92,3539.59134
169.213986,82,3539.922192
222.267241,103,3540.338825
60.654427,36,3540.482663
233.970364,102,3540.906696
204.811252,90,3541.276631
205.768081,91,3541.709778
198.40896,92,3542.084532
79.696853,45,3542.270139
213.930699,94,3542.652866
199.723299,90,3543.023873
207.311742,94,3543.409099
182.060185,87,3918.552407
56.094265,34,3918.714669
53.515556,32,3918.845628
229.388764,100,3919.256849
215.656506,94,3919.645681
210.683155,94,3920.025114
207.735134,92,3920.393816
166.38503,79,3920.714789
218.202416,94,3921.101828
214.524582,96,3921.494118
228.228763,101,3921.901859
146.431768,76,3922.215971
190.25043,86,3922.569873
208.115748,95,3922.959474
194.508263,88,3923.320522
188.787842,90,3924.5223
207.582887,98,3925.661159
210.537732,94,3926.760927
213.030147,92,3927.141876
200.579074,88,3927.505705
216.38536,93,3927.881644
53.559696,33,3928.016044
210.237958,91,3928.389382
223.368128,104,3928.814658
223.402419,98,3929.216391
246.31284,107,3929.648113
200.30917,88,3930.006623
216.177221,94,3930.392897
223.976662,99,3930.818009
218.965011,96,3931.220464
260.91944,110,3931.674708
211.952804,93,3932.063968
221.277299,98,3932.464292
216.03024,95,3932.848232
209.514989,93,3933.223233
55.317988,34,3933.360235
219.545265,97,3933.756272
212.011934,95,3934.142695
75.414693,44,3934.324176
210.113693,92,3934.698868
214.747227,94,3935.082036
221.841957,100,3935.492222
215.063649,96,3935.891504
211.688932,95,3936.285116
181.998863,89,3936.708766
226.328841,99,3937.109304
209.248628,92,4315.748919
221.059538,100,4316.167381
191.382101,86,4316.536002
221.7629,107,4316.987671
217.696671,95,4317.410556
58.924845,36,4317.570796
218.373193,96,4317.981035
189.382597,86,4318.356611
229.802552,105,4318.8138
223.282633,97,4319.231205
248.319203,107,4319.693227
205.267544,91,4320.081104
211.745667,93,4320.523281
220.284201,107,4321.009189
229.934956,102,4321.429841
240.134696,105,4321.869029
219.179241,95,4322.256496
192.944633,87,4322.60852
215.652337,94,4322.987573
222.262863,97,4323.380724
207.291465,95,4323.761752
227.327922,97,4324.157045
218.187867,95,4324.546778
208.458689,91,4324.92085
200.734348,90,4325.284833
52.212136,32,4325.414921
221.751057,98,4325.825435
237.883119,104,4326.245621
191.080205,88,4326.607092
208.248604,92,4326.980466
230.230871,98,4327.383754
216.906556,95,4327.776413
228.364848,102,4328.197168
228.394728,96,4328.587471
64.294564,39,4328.745675
201.59958,92,4329.117804
219.715709,97,4329.514898
193.644349,87,4329.870738
65.25992,40,4330.032611
210.696504,93,4330.408672
207.602963,95,4330.805814
212.573143,99,4331.205821
196.872009,92,4331.642282
232.350388,100,4332.051902
223.594708,96,4332.438639
208.539663,92,4332.809831
230.109255,103,4708.211216
212.956654,96,4708.608655
213.339417,94,4708.990711
169.391712,82,4709.330515
212.325786,95,4709.74715
208.312026,93,4710.184855
292.786395,115,4710.676113
206.534001,93,4711.068433
188.957797,86,4711.42489
208.189031,94,4711.864799
229.396137,98,4712.330637
254.757816,106,4712.774459
262.576278,112,4713.243636
223.092057,103,4713.738456
221.148656,96,4714.129112
242.035709,102,4714.544479
62.169624,38,4714.708718
200.579031,91,4715.076605
239.166096,100,4715.486313
212.154316,93,4715.871693
202.545546,94,4716.260168
231.6891,99,4716.661712
247.21019,101,4717.072662
229.075008,109,4717.520014
209.238333,92,4717.902071
271.330908,109,4718.349665
295.650197,134,4718.90222
194.800541,86,4719.259981
236.013326,107,4719.70236
236.561762,102,4720.122429
211.071549,97,4720.52411
52.873378,32,4720.656525
203.734704,89,4721.0322
227.812671,99,4721.448075
250.541989,104,4721.893605
237.591986,98,4722.29558
208.38586,91,4722.67011
215.316433,94,4723.046747
207.256518,92,4723.420035
216.782309,95,4723.800146
215.944242,94,4724.186876
224.770675,95,4724.631155
219.685775,97,4725.028699
188.313658,90,5102.848902
221.467129,99,5103.256909
209.406568,98,5103.662385
306.414219,115,5104.14422
207.724585,92,5104.52385
263.055712,119,5105.057062
223.75936,96,5105.475457
209.467391,92,5105.876098
49.950614,30,5106.00705
194.55816,87,5106.382943
207.127425,92,5106.779675
229.541561,96,5107.188128
270.439587,111,5107.661781
209.290457,93,5108.065606
270.57364,112,5108.593828
210.548924,93,5109.025367
234.072352,107,5109.49593
270.898796,108,5109.966703
254.318916,104,5110.420112
245.250359,107,5110.88102
235.024323,101,5111.317276
245.718998,104,5111.761868
52.941531,32,5111.907496
238.275378,102,5112.35341
232.336318,101,5112.794043
216.29798,102,5113.236812
212.744073,93,5113.69105
57.007618,35,5113.837829
156.413844,74,5114.138236
209.049091,92,5114.537502
241.810094,104,5114.973222
289.940715,117,5115.469109
215.413917,95,5115.859382
260.807813,107,5116.337656
144.632647,70,5116.624738
298.739089,120,5117.13652
211.323189,93,5117.527718
256.136709,108,5117.997245
209.854464,96,5118.384973
221.848512,96,5118.77282
232.304321,96,5119.16976
268.221453,109,5119.683753
192.257807,88,5120.041558
231.447929,97,5497.241914
221.162331,96,5497.646926
65.113305,39,5497.809533
222.710384,96,5498.208734
50.889701,31,5498.336507
230.107951,103,5498.763144
229.981507,106,5499.196086
283.835803,112,5499.677732
293.177934,116,5500.154605
202.969425,91,5500.535142
206.91507,92,5500.916612
180.068931,89,5501.277024
303.317221,119,5501.769948
265.615502,113,5502.241416
222.758572,102,5502.658706
260.445236,112,5503.128488
229.175358,98,5503.583215
319.926756,121,5504.096224
202.0148,90,5504.47294
256.759952,103,5504.892533
263.817179,108,5505.346062
210.575637,92,5505.720971
226.978872,100,5506.133547
255.631865,108,5506.569963
262.51779,125,5507.079222
239.801425,103,5507.493041
267.513245,109,5507.939927
245.092613,105,5508.366565
243.203995,103,5508.790512
238.113951,99,5509.204405
235.31401,100,5509.623861
94.149777,54,5509.84485
211.766078,97,5510.248741
260.024183,104,5510.668066
202.995022,91,5511.04191
264.450148,106,5511.473815
275.719333,111,5511.920442
270.06118,107,5512.353591
222.954205,97,5512.744545
278.554647,119,5513.227417
302.015689,118,5513.705999
262.407165,109,5889.895444
209.020841,91,5890.265948
199.63202,92,5890.637438
265.0799,112,5891.088604
218.078286,96,5891.48089
273.662456,109,5891.925455
277.036455,115,5892.389052
222.129239,97,5892.779756
203.124892,90,5893.144079
221.513878,96,5893.550607
286.41334,116,5894.036713
224.612745,97,5894.43256
220.409553,95,5894.816355
290.528794,113,5895.273737
264.97128,110,5895.715646
206.537247,91,5896.145519
241.406292,98,5896.621815
217.324024,98,5897.043123
211.15163,93,5897.477349
267.813757,105,5897.914745
263.910329,108,5898.434557
132.476375,71,5898.740522
278.817315,113,5899.240089
210.77076,97,5899.635944
252.971375,106,5900.067811
248.062755,103,5900.483975
226.718934,97,5900.875525
207.468422,93,5901.253247
272.076248,110,5901.693809
302.710871,118,5902.173354
262.64541,111,5902.62785
278.060303,114,5903.089042
221.526755,95,5903.46945
311.213735,121,5903.952725
267.150592,106,5904.380786
190.82031,85,5904.748845
46.337471,28,5904.875645
226.814037,97,5905.304524
228.710043,98,5905.704928
262.207373,126,5906.211396
316.139107,120,5906.701734
277.554225,109,6280.864597
282.759778,109,6281.302384
254.641805,103,6281.716081
259.922866,113,6282.176023
304.571999,117,6282.648941
230.726013,96,6283.035436
242.392244,102,6283.448896
239.771545,100,6283.856126
323.384039,125,6284.358304
256.28857,106,6284.788113
258.982512,106,6285.21276
209.609587,91,6285.578363
289.469889,116,6286.051746
256.66523,103,6286.469182
232.263519,99,6286.867567
289.026156,117,6287.340765
265.758691,110,6287.787461
229.947059,97,6288.18154
264.937843,111,6288.675187
264.132359,115,6289.153373
279.383938,110,6289.608155
318.029723,120,6290.088568
260.187491,111,6290.539961
244.031054,100,6290.945055
221.800419,95,6291.333599
197.24495,88,6291.692294
82.353469,49,6291.888763
281.455038,111,6292.335543
281.12872,112,6292.791105
216.795207,95,6293.172245
309.902572,126,6293.680698
46.710079,28,6293.792711
340.123705,128,6294.313432
54.737803,33,6294.449954
272.88177,121,6294.941106
240.194524,100,6295.339438
254.790925,102,6295.748919
57.788926,35,6295.893046
207.220937,91,6296.261096
314.546568,125,6296.764864
276.987086,108,6670.82026
309.179224,118,6671.309433
263.650244,104,6671.728107
240.655374,99,6672.13757
291.605513,110,6672.580432
338.603666,123,6673.0803
293.365273,118,6673.563724
316.214276,120,6674.047055
49.116587,30,6674.165133
298.221735,113,6674.616826
285.863258,116,6675.080742
224.191991,96,6675.468672
300.994277,126,6675.977635
216.528377,93,6676.35366
224.044173,102,6676.76035
264.197898,112,6677.206396
298.004807,117,6677.680537
286.977882,116,6678.152451
299.344991,124,6678.656463
311.582399,123,6679.149901
284.199786,111,6679.60134
273.651771,109,6680.041882
317.19333,114,6680.544283
248.808689,103,6680.98422
326.852404,120,6681.468958
257.696393,102,6681.879147
48.104655,29,6681.996444
284.464969,109,6682.432483
248.556049,101,6682.843041
278.961263,113,6683.300408
322.086261,124,6683.800891
299.109649,114,6684.259702
259.521039,105,6684.685835
341.879192,127,6685.201339
280.159909,119,6685.683997
252.239462,112,6686.138539
290.019507,118,6686.625165
272.389554,112,6687.075708
335.132952,135,7061.410274
305.140259,114,7061.877035
283.548257,112,7062.322988
223.277961,97,7062.716242
278.238679,109,7063.154742
235.386773,108,7063.5881
342.131471,129,7064.108737
227.081185,99,7064.506301
298.631779,113,7064.968727
326.103351,119,7065.446997
296.079066,113,7065.903361
262.876162,106,7066.33931
219.785761,94,7066.720082
331.593037,122,7067.2086
216.666535,94,7067.595102
298.864237,114,7068.057272
286.986764,109,7068.49492
319.341689,123,7068.987909
270.308225,116,7069.451764
197.683817,89,7069.806294
252.046725,104,7070.22485
291.326061,112,7070.738673
287.563056,121,7071.228349
54.462187,33,7071.368721
268.024074,111,7071.821602
281.260732,110,7072.261091
312.785771,123,7072.757804
304.958078,118,7073.227736
297.587898,113,7073.682898
282.997083,112,7074.134031
294.467998,112,7074.581303
235.3425,101,7074.992831
268.839129,107,7075.425187
249.247379,101,7075.828843
298.812797,128,7076.341125
276.499182,112,7076.793509
283.204712,108,7077.237218
219.556466,100,7077.651531
298.75844,112,7451.743757
296.306557,111,7452.192703
227.964905,95,7452.633623
296.025597,112,7453.083818
237.768502,99,7453.484303
308.377027,115,7453.9487
49.637882,30,7454.069633
245.155606,103,7454.480263
318.900434,121,7454.972494
303.755201,113,7455.433515
354.027618,136,7455.984272
292.791716,114,7456.444929
288.727962,117,7456.913396
331.940772,125,7457.416955
305.13006,118,7457.887449
369.001086,132,7458.418389
298.383292,114,7458.87752
46.235758,28,7458.992247
323.760759,126,7459.493575
252.897192,103,7459.908076
295.27984,113,7460.365012
283.059421,111,7460.811064
302.693236,115,7461.28087
221.072898,101,7461.686843
297.620512,112,7462.143934
259.48654,102,7462.556344
306.127219,117,7463.02942
279.91528,113,7463.516015
321.78039,124,7464.045446
285.746169,111,7464.483638
289.042063,115,7464.948877
324.228317,121,7465.437779
269.452367,108,7465.874553
288.355829,109,7466.312537
352.241982,128,7466.828711
267.364126,105,7467.248329
256.585059,109,7468.377956
266.910775,106,7843.380518
304.930392,117,7843.854549
317.730866,123,7844.36446
303.796701,117,7844.894686
277.845157,106,7845.325153
277.724705,112,7845.777271
319.525569,122,7846.268605
258.753963,103,7846.68923
51.083866,31,7846.811798
298.606804,127,7847.326366
305.604913,129,7847.846436
323.255647,123,7848.343421
310.403863,119,7848.824847
283.84686,117,7849.297473
65.64469,38,7849.447799
299.4428,114,7849.90407
293.201143,123,7850.405215
304.302827,116,7850.873385
251.749902,103,7851.287449
304.530607,123,7851.785149
328.444468,124,7852.282325
338.957164,123,7852.776565
321.431679,123,7853.268229
340.568168,126,7853.777743
316.354012,126,7854.284574
298.384591,115,7854.744856
298.001508,116,7855.212311
260.994541,104,7855.697747
318.600866,118,7856.169195
291.464763,111,7856.62185
327.627589,121,7857.120871
275.119216,106,7857.544405
336.339073,121,7858.030048
319.637954,120,7858.512769
311.152353,124,7859.00929
316.439334,115,7859.477551
296.205116,115,8233.51682
351.483959,129,8234.036326
326.590066,123,8234.529428
307.367143,116,8234.992263
267.552487,103,8235.405807
295.452282,112,8235.852613
332.048413,124,8236.358625
332.872982,129,8236.875442
282.291599,108,8237.312922
326.65575,120,8237.794377
339.955606,128,8238.312923
338.685563,123,8238.812486
303.144967,114,8239.27365
233.445525,96,8239.716185
238.036328,101,8240.128572
346.482435,123,8240.626978
312.959862,121,8241.113825
329.205497,129,8241.633655
315.95472,119,8242.108207
307.904504,115,8242.572072
323.006096,118,8243.045082
300.782487,116,8243.510962
316.524984,118,8243.985321
342.718844,133,8244.517228
309.859192,120,8244.996102
294.798072,114,8245.45457
268.654434,109,8245.904882
291.690104,112,8246.362096
377.38362,132,8246.896958
356.169417,131,8247.428626
284.064268,112,8247.875493
308.509167,114,8248.331897
310.482782,117,8248.804723
208.67509,91,8249.17375
310.737862,116,8249.638141
328.486276,122,8623.669405
333.52754,125,8624.16724
238.983105,98,8624.559932
333.638332,124,8625.065835
330.487341,119,8625.544288
339.296149,124,8626.04549
298.815259,112,8626.494173
305.17263,116,8626.954811
285.740682,111,8627.39628
286.524066,117,8627.874694
296.752115,118,8628.357205
330.357335,120,8628.847974
313.250705,117,8629.319641
56.671349,33,8629.453019
345.298815,125,8629.963984
314.36649,115,8630.509244
375.127652,136,8631.241057
274.813237,109,8631.692258
300.90718,114,8632.152809
308.387384,115,8632.616884
339.469872,122,8633.108741
292.908994,115,8633.587487
308.081605,120,8634.085316
256.38406,108,8634.528418
78.082408,46,8634.717534
315.171394,119,8635.192441
290.960981,110,8635.647007
283.685662,108,8636.080365
337.280654,135,8636.62694
299.145033,112,8637.102224
320.246129,116,8637.621542
293.587279,118,8638.143492
319.259308,118,8638.662364
331.010887,123,8639.199446
347.442659,122,8639.744184
299.46356,114,8640.248646
291.430524,114,8640.758638
312.918412,117,9019.747482
292.061216,112,9020.2012
338.383963,124,9020.701941
303.201205,122,9021.204662
308.195549,118,9021.684429
324.321887,120,9022.176713
42.247236,25,9022.28025
311.039213,122,9022.776304
274.702324,106,9023.208581
293.006269,109,9023.643063
349.053858,126,9024.155305
275.915221,108,9024.672531
305.062903,117,9025.14962
288.863027,114,9025.60917
261.082996,103,9026.024268
309.450477,120,9026.511393
376.21708,140,9027.076525
326.392736,118,9027.553253
313.985667,119,9028.032172
328.165945,119,9029.170235
338.747286,124,9030.036283
309.013705,122,9030.537199
305.798705,113,9030.994675
324.670903,126,9031.514642
310.371907,122,9032.01511
302.926092,113,9032.466258
306.424943,119,9032.957419
303.383918,113,9033.417011
322.334344,117,9033.903666
216.330835,92,9034.275395
268.823177,104,9034.695721
342.862792,125,9035.200639
327.219743,121,9035.751821
318.51299,117,9036.225092
265.541301,107,9036.652677
315.372634,117,9412.254986
321.741662,124,9412.754937
297.202826,121,9413.249396
325.767832,117,9413.716186
353.512798,126,9414.225762
326.608848,127,9414.734997
287.966904,114,9415.196781
332.339036,122,9415.68828
343.598417,130,9416.208969
320.026575,120,9416.695768
283.693234,106,9417.124435
347.290759,126,9417.632971
344.982559,128,9418.15133
321.024302,130,9418.71859
332.469573,121,9419.214949
305.082875,118,9419.688304
298.431892,110,9420.128363
345.984017,124,9420.627002
328.575891,121,9421.128523
344.568297,127,9421.656347
320.6909,122,9422.151366
315.041091,114,9422.607292
340.513376,135,9423.200316
345.39922,133,9423.83171
326.799396,120,9424.341012
294.189314,117,9424.840719
333.739362,124,9425.34777
318.641995,117,9425.822512
363.102504,130,9426.375028
350.995268,124,9426.882402
288.974084,120,9427.3643
260.134349,104,9427.783828
330.378354,120,9428.260829
291.537007,115,9428.719014
331.445798,118,9811.07142
336.888761,121,9811.583692
294.220724,110,9812.056352
310.919245,119,9812.531345
345.199529,124,9813.059312
328.558609,125,9813.583585
307.117239,115,9814.062334
50.387038,30,9814.188596
336.964884,128,9814.777169
68.652065,41,9814.954024
297.522926,116,9815.458946
355.816583,127,9815.975184
340.18281,122,9816.488235
339.186381,122,9816.992502
305.159475,116,9817.493233
341.918109,127,9818.022907
291.060635,111,9818.566414
291.199451,109,9819.126435
332.887908,129,9819.733621
303.556523,113,9820.252334
312.551275,116,9820.833797
312.688414,115,9821.351324
356.318351,135,9822.053182
295.732411,114,9822.645289
314.641584,114,9823.211371
286.25338,110,9823.84904
305.364884,112,9824.513359
352.573489,126,9825.128874
336.813268,121,9825.684646
334.868016,124,9826.196056
307.892609,114,9826.653108
321.518805,125,9827.16429
44.729679,27,9827.271254
313.311984,116,9827.757751
346.725015,125,9828.261738
331.195438,122,9828.757682
314.053322,121,9829.246033
294.061872,112,10209.505296
352.564492,123,10209.996169
311.541332,117,10210.464522
314.503772,116,10210.92951
333.149403,122,10211.420918
328.115983,119,10211.904909
253.716256,103,10212.328403
359.310402,129,10212.845922
311.053691,116,10213.316039
332.944549,120,10213.797992
293.295288,113,10214.265342
344.09697,125,10214.768077
338.426088,129,10215.288255
321.307409,117,10215.761219
111.442347,62,10216.012292
345.440143,123,10216.508924
329.271187,123,10216.999737
360.876236,132,10217.540827
347.831901,125,10218.05118
290.967081,111,10218.533342
313.141575,114,10219.039204
311.610739,119,10219.538531
374.515737,134,10220.10112
332.751651,121,10220.608962
362.731112,128,10221.145921
307.296151,115,10221.639235
313.923079,114,10222.130444
317.879825,119,10222.667061
297.003583,111,10223.157938
278.170561,107,10223.673168
305.355364,116,10224.199711
314.662642,119,10224.72364
353.869481,126,10225.351075
318.17175,119,10225.850059
294.567257,112,10226.334861
308.969829,117,10606.913842
310.24462,119,10607.408565
338.19016,127,10607.928904
336.216423,126,10608.433479
321.198541,120,10608.92805
317.846536,118,10609.402584
325.747923,118,10609.88184
47.123628,28,10609.998343
295.3345,111,10610.448369
338.438168,127,10610.965399
318.342066,122,10611.487515
347.349076,129,10612.068676
333.126085,123,10612.711738
327.110388,126,10613.294941
314.577484,124,10613.8125
338.452214,122,10614.318061
296.6628,112,10614.781018
335.839217,121,10615.289152
321.350884,116,10615.786849
350.762535,123,10616.313042
341.155481,125,10616.832519
313.404734,114,10617.316998
318.433095,119,10617.816069
318.931806,120,10618.32877
319.010335,117,10618.830164
339.392658,129,10619.364066
306.869578,117,10619.856945
336.58226,123,10620.385064
312.352728,114,10620.863037
320.181496,120,10621.375456
326.922057,121,10621.907521
307.287894,118,10622.429439
346.374635,123,10623.112507
337.425217,121,10623.662192
333.263493,123,11005.643784
357.958235,127,11006.150394
322.201559,116,11006.61288
303.994349,112,11007.062255
321.13931,118,11007.544324
348.113739,127,11008.05244
360.315788,131,11008.585026
311.050685,119,11009.064731
331.138672,124,11009.564335
336.170486,126,11010.092428
335.687671,121,11010.579819
322.494507,124,11011.077286
281.427055,110,11011.516389
289.949082,109,11011.960799
342.13825,126,11012.463526
341.752268,122,11012.952832
331.995253,119,11013.431256
311.991629,118,11013.904484
60.936228,35,11014.043562
342.725196,123,11014.541081
275.111441,107,11014.965084
275.855946,108,11015.414217
325.328201,122,11015.939894
314.891524,119,11016.415217
318.490629,122,11016.901105
354.942835,125,11017.399664
345.46033,122,11017.885147
342.551408,124,11018.381416
347.596138,139,11018.939292
249.38997,99,11019.340938
337.142646,128,11019.854675
296.475947,118,11020.328426
336.896211,125,11020.832091
317.903654,120,11021.316568
330.29703,131,11021.836802
340.964211,122,11399.425626
324.775117,120,11399.903744
321.236098,124,11400.401347
328.181784,121,11400.887809
361.813689,131,11401.416955
329.265563,121,11401.90131
357.34721,130,11402.421682
358.045868,124,11402.929392
333.331527,122,11403.416025
325.064845,123,11403.912577
302.978447,116,11404.381788
320.684633,123,11404.872333
295.281575,114,11405.329675
277.008329,107,11405.757725
308.804114,123,11406.252903
355.488915,125,11406.754454
354.860033,125,11407.248768
332.001314,120,11407.787019
334.711125,118,11408.263886
317.812465,117,11408.733217
308.246144,111,11409.180212
311.955724,117,11409.649759
294.698689,112,11410.103034
294.277497,115,11410.565244
318.016029,116,11411.032306
336.033851,122,11411.519236
310.149501,114,11411.975831
310.657314,120,11412.460631
44.009066,26,11412.563987
327.30862,122,11413.053741
359.335877,126,11413.569986
332.349163,119,11414.053521
320.036324,116,11414.527075
347.329223,123,11415.023037
323.851098,126,11415.531863
337.304741,121,11789.904438
291.846422,112,11790.363645
304.927447,115,11790.824474
342.504806,124,11791.326209
320.184635,122,11791.819722
349.876357,125,11792.336713
315.787679,117,11792.804769
311.074718,115,11793.263796
366.550559,126,11793.768696
362.075703,126,11794.270226
358.830613,128,11794.780478
337.860988,119,11795.264423
321.114423,120,11795.743531
307.679376,111,11796.188514
355.596994,132,11796.720626
350.396484,131,11797.240665
357.464315,126,11797.747628
318.692121,117,11798.216604
284.846882,107,11798.641597
336.287045,122,11799.130691
330.658016,128,11799.701213
337.210071,127,11800.212211
326.904369,120,11800.696372
357.661201,126,11801.201237
353.965523,127,11801.710165
314.906831,121,11802.197012
48.531117,29,11802.31188
315.347832,121,11802.799567
297.399147,113,11803.252575
275.562247,105,11803.673324
307.627902,116,11804.139772
355.646064,128,11804.651864
303.659381,113,11805.109128
310.437081,113,11805.568349
316.38748,126,12179.501059
336.177627,120,12179.98871
304.592702,114,12180.448573
352.716178,125,12180.946204
353.980322,128,12181.459862
304.050078,115,12181.921026
347.522512,129,12182.443183
350.304329,129,12182.958809
365.088318,130,12183.476648
264.111576,103,12183.88536
341.592807,124,12184.409276
356.315195,128,12184.954923
309.995326,113,12185.413388
311.800659,115,12185.874958
341.150257,126,12186.376839
374.321275,130,12186.899239
309.669111,117,12187.370269
305.542771,117,12187.844236
349.236354,124,12188.344714
309.830697,114,12188.798097
303.41133,110,12189.240253
352.622407,123,12189.735955
357.688712,133,12190.268781
318.061246,118,12190.740637
316.135659,123,12191.235352
358.029931,125,12191.735826
345.810111,122,12192.245903
313.947009,114,12192.772526
341.674517,127,12193.30104
342.197584,121,12193.816523
46.547455,28,12193.938173
325.101852,117,12194.415503
350.331873,124,12194.91796
328.552969,119,12195.406316
44.270891,26,12195.509399
327.297932,118,12196.057595
329.786769,120,12571.912865
322.459444,118,12572.396835
361.976342,130,12572.919747
170.006317,85,12573.26045
371.785121,129,12573.776343
370.176966,137,12574.32587
325.506019,117,12574.805863
332.529395,119,12575.285475
329.50453,122,12575.771199
346.791525,125,12576.269078
333.329346,121,12576.754341
319.06383,116,12577.223939
360.08191,133,12577.824785
293.670904,111,12578.273511
332.654599,123,12578.772341
152.282959,75,12579.077445
340.168254,127,12579.588527
333.241272,118,12580.060093
347.520143,127,12580.572932
294.745765,115,12581.032364
313.222708,119,12581.510084
302.979706,112,12581.960804
323.269221,117,12582.427334
295.255993,111,12582.872646
297.084631,110,12583.315981
367.294576,127,12583.827479
296.035247,112,12584.273769
309.840365,115,12584.733305
316.889726,117,12585.201626
40.970627,24,12585.296322
316.948824,123,12585.788285
363.176395,132,12586.322351
329.518388,123,12586.813135
354.012646,132,12587.345227
335.096052,122,12587.828674
332.597677,119,12962.075351
337.369753,121,12962.562441
344.879701,123,12963.056306
341.350549,133,12963.595922
343.856877,124,12964.095483
313.118803,114,12964.556601
343.176401,124,12965.060319
276.46118,106,12965.491107
361.710663,133,12966.026524
327.401226,119,12966.507623
312.548645,116,12966.976905
348.127214,122,12967.463164
346.44651,122,12967.95086
319.169831,118,12968.462262
342.000709,123,12968.970812
348.972258,124,12969.468358
330.362763,120,12969.952683
349.36666,128,12970.46845
330.323359,123,12970.964831
349.643616,125,12971.464802
356.653648,125,12971.96416
314.973476,116,12972.428995
327.464979,119,12972.905518
333.840082,120,12973.39564
323.563446,116,12973.856614
338.037464,121,12974.341503
348.011307,125,12974.84065
285.233138,108,12975.273575
326.492074,119,12975.750635
360.147363,130,12976.268459
301.01588,113,12976.720366
329.656182,127,12977.228568
355.47692,126,12977.742976
297.322103,115,12978.256071
295.830833,113,13362.675657
322.162804,119,13363.20364
351.91759,129,13363.783822
42.768351,25,13363.901388
338.370987,122,13364.432292
354.97911,127,13364.985983
321.899505,116,13365.497493
286.280356,107,13365.965856
354.043572,128,13366.514456
346.490379,129,13367.085579
357.831927,127,13367.648173
358.680422,127,13368.21926
321.052214,116,13368.729389
335.061143,134,13369.31388
317.045976,115,13369.867316
316.820952,115,13370.340727
356.658446,129,13370.864753
338.222858,125,13371.371043
288.774608,108,13371.82131
343.902993,126,13372.336736
327.34401,117,13372.812771
329.286064,128,13373.349457
321.113805,114,13373.814588
302.32612,116,13374.298044
258.582703,104,13374.731791
338.75002,125,13375.256096
345.579746,123,13375.752041
273.566589,105,13376.1932
341.890049,120,13376.680033
313.921321,116,13377.160879
328.699818,118,13377.654377
340.499669,122,13378.164354
313.021034,115,13378.64521
317.318257,116,13379.136117
344.396337,121,13379.642013
341.143083,124,13766.276893
335.341668,128,13766.798037
316.071694,116,13767.271953
333.061746,118,13767.764403
318.700032,116,13768.269045
333.67934,127,13768.825474
346.39361,124,13769.418906
347.447747,126,13770.029448
350.548225,128,13770.602948
340.467713,123,13771.144342
348.237187,127,13771.679825
358.905094,130,13772.244975
316.033638,128,13772.784176
338.442398,121,13773.288583
297.945518,117,13773.769352
314.159548,115,13774.245625
341.280484,128,13774.781732
331.450914,120,13775.281786
323.795048,118,13775.765245
329.276154,121,13776.268806
308.007258,112,13776.738559
333.382029,121,13777.248837
324.149246,116,13777.740338
358.115224,127,13778.299022
342.900176,120,13778.793918
323.553491,119,13779.313393
41.317261,24,13779.413934
320.07336,116,13779.901543
319.161683,121,13780.46929
365.586098,130,13781.06192
348.429026,128,13781.588667
331.104114,120,13782.092763
267.030858,103,13782.544552
332.640085,122,13783.114664
310.619527,114,13783.595971
330.863394,118,14162.775018
324.738058,121,14163.259671
314.442264,117,14163.733129
266.394264,104,14164.152993
319.579953,116,14164.616018
329.494032,119,14165.086714
330.954434,118,14165.565176
370.894017,133,14166.0959
321.633203,121,14166.58043
325.729036,118,14167.052157
320.990966,116,14167.551703
325.147732,118,14168.052592
347.338481,123,14168.549535
311.330227,118,14169.020897
368.28358,135,14169.559912
342.923398,124,14170.059558
340.014914,122,14170.551844
336.31041,123,14171.04641
326.08769,125,14171.542557
353.808239,133,14172.076848
335.489883,125,14172.578768
333.581027,125,14173.078858
352.855211,131,14173.600297
334.23995,127,14174.107453
343.311667,121,14174.593804
339.055541,124,14175.092169
322.578529,116,14175.560537
299.979128,112,14176.008483
336.988608,120,14176.484824
283.322819,109,14176.930268
300.626953,118,14177.404487
325.886873,116,14177.877023
298.150639,112,14178.333572
304.584073,121,14553.126229
311.574218,122,14553.612249
353.244786,125,14554.114419
331.021558,123,14554.604672
310.012978,120,14555.084905
325.156726,127,14555.596483
335.260386,119,14556.081626
323.442186,125,14556.584171
347.799871,129,14557.111904
304.926755,111,14557.553831
307.000414,114,14558.007917
332.131319,119,14558.484736
325.284866,119,14558.959076
338.112637,125,14559.459823
348.894917,127,14559.97274
338.092459,119,14560.489799
327.360525,125,14561.019265
362.785067,131,14561.541729
314.972785,116,14561.998692
359.657676,128,14562.507781
287.233731,108,14562.949226
325.589212,123,14563.44033
320.797249,119,14563.916556
327.054682,126,14564.421864
264.455085,110,14564.860363
323.98652,116,14565.334274
310.627124,117,14565.804724
56.080618,33,14565.936521
339.959767,120,14566.419878
347.37132,129,14566.942506
290.143305,109,14567.386009
336.843344,123,14567.880449
327.361568,117,14568.348944
342.386314,127,14568.855885
322.410801,115,14569.318321
333.733328,123,14943.570143
369.033824,138,14944.119592
339.415861,123,14944.612622
353.073826,126,14945.124861
349.185579,125,14945.633904
376.314997,133,14946.174004
334.12825,123,14946.664767
295.958871,113,14947.122481
329.012378,117,14947.588899
328.883875,123,14948.077638
347.459701,131,14948.609102
335.994986,118,14949.085059
292.136082,111,14949.532876
334.316186,126,14950.035592
310.084213,114,14950.489436
361.016723,127,14950.992785
310.393719,113,14951.487975
347.471358,127,14952.028472
333.247152,120,14952.50805
354.59672,129,14953.022994
343.002145,128,14953.534211
365.112661,129,14954.056758
353.411762,124,14954.556142
323.936694,117,14955.024464
357.348642,132,14955.55596
328.457436,121,14956.043018
229.103318,101,14956.450671
332.160516,118,14956.925001
344.189722,130,14957.44834
330.147334,118,14957.919584
323.007911,119,14958.400759
338.439952,122,14958.880718
309.433036,112,14959.326178
326.910746,117,14959.794393
355.765079,128,15334.072295
328.598092,125,15334.572706
339.624381,123,15335.060457
379.696311,134,15335.595092
321.040706,119,15336.070904
334.944906,119,15336.552211
320.390109,129,15337.067774
321.723946,124,15337.555459
319.255204,117,15338.023494
346.185515,131,15338.548327
325.92233,116,15339.016511
328.881082,120,15339.496715
338.661842,131,15340.015099
314.311353,117,15340.489685
332.882219,121,15340.974019
313.138739,115,15341.443469
322.637552,119,15341.914508
315.743982,115,15342.379062
315.605724,114,15342.838969
331.573729,126,15343.351882
346.406394,124,15343.900393
304.910933,119,15344.376559
332.212566,127,15344.879828
310.511017,119,15345.354273
343.364171,125,15345.852672
335.389376,120,15346.33238
354.109813,131,15346.852072
310.950592,116,15347.312564
344.415723,122,15347.800127
320.870111,117,15348.268431
345.273329,123,15348.762282
331.293559,125,15349.266651
296.404181,112,15349.712413
350.605749,130,15724.30659
345.159988,120,15724.845015
323.522754,120,15725.331771
350.750544,133,15725.861655
366.563088,132,15726.386675
323.44445,118,15726.862592
334.424717,122,15727.357924
277.372278,107,15727.787874
333.429758,130,15728.30896
341.444409,126,15728.812917
352.979629,128,15729.323874
341.246103,126,15729.83542
292.477871,110,15730.276931
350.639804,125,15730.776924
352.725974,128,15731.284486
316.162338,117,15731.749404
315.684597,120,15732.227931
347.165579,133,15732.760441
364.282804,128,15733.272053
353.24479,123,15733.76838
345.319963,125,15734.271192
356.410835,125,15734.768256
343.54921,125,15735.269631
337.189042,125,15735.828989
335.082457,120,15736.305654
334.056375,119,15736.780558
347.897924,122,15737.269635
350.482866,127,15737.776071
358.31467,131,15738.303462
342.789257,129,15738.815784
334.300982,123,15739.304541
354.869577,129,15739.827183
350.322988,125,15740.327232
316.029931,120,16114.665843
344.888808,129,16115.184029
338.762639,122,16115.675929
339.971745,130,16116.202207
316.706433,118,16116.676728
319.35024,114,16117.134784
328.824422,121,16117.679166
349.532385,123,16118.172294
348.506503,125,16118.672501
355.551645,124,16119.172667
316.005422,113,16119.627076
326.07597,120,16120.108196
305.45906,113,16120.560392
334.141674,120,16121.04094
339.106203,122,16121.532885
332.483662,121,16122.019493
291.591848,109,16122.457971
335.534607,123,16122.955425
339.839092,124,16123.464367
322.556112,116,16123.929284
356.216147,128,16124.440978
315.432287,119,16124.916016
330.042659,127,16125.460646
345.686309,123,16125.951822
338.400734,121,16126.450024
329.174458,127,16126.96138
342.595932,130,16127.491117
350.623734,125,16127.993105
360.520859,129,16128.572465
354.017229,126,16129.102209
50.2858,29,16129.216485
159.955709,81,16129.544373
344.342194,129,16130.071755
339.96324,121,16130.571159
338.133796,123,16131.072869
343.539829,124,16505.308653
310.127438,117,16505.779682
330.129129,120,16506.260434
333.324685,126,16506.769638
338.7216,126,16507.275963
328.5879,124,16507.777463
357.844143,126,16508.285393
365.156454,128,16508.801037
356.994428,128,16509.32442
320.043557,120,16509.866288
310.702367,115,16510.327814
348.202676,127,16510.837072
343.930788,126,16511.340063
318.77696,120,16511.821698
352.556832,125,16512.320029
315.605186,113,16512.772128
292.676814,114,16513.228451
339.54578,125,16513.7367
315.817733,118,16514.209688
317.256349,114,16514.668126
327.885743,123,16515.163264
346.672087,130,16515.688023
346.622103,127,16516.195783
330.324163,124,16516.696666
316.209999,118,16517.168146
347.181401,125,16517.669709
342.159423,124,16518.172241
314.434377,116,16518.640676
327.387395,117,16519.112512
367.382133,130,16519.632101
335.081069,121,16520.121012
351.360878,124,16520.64894
326.436241,124,16521.172895
335.949181,128,16895.644063
329.082819,120,16896.124936
322.816064,121,16896.608206
332.197604,129,16897.122555
319.514461,120,16897.607002
365.559607,132,16898.134783
306.999933,122,16898.627837
338.435883,121,16899.108048
349.65063,124,16899.60363
356.116791,134,16900.144027
361.54865,127,16900.651118
345.983033,130,16901.173409
322.406461,124,16901.725253
295.484577,113,16902.176772
45.095064,26,16902.283975
299.443063,112,16902.73289
315.996104,121,16903.215194
322.800424,118,16903.687712
345.084802,129,16904.207945
298.42384,115,16904.672271
357.82759,126,16905.175629
331.671027,123,16905.668456
318.281852,118,16906.136757
321.912634,117,16906.605628
338.712747,131,16907.133222
340.536662,120,16907.617318
326.812949,120,16908.096299
329.903503,121,16908.581086
336.655191,122,16909.069022
341.499055,124,16909.56464
347.139094,124,16910.064626
333.856495,120,16910.550426
310.054239,113,16911.004104
341.037566,122,16911.488562
325.751681,123,16911.984728
303.342036,116,17285.896638
330.420375,124,17286.392082
339.505724,123,17286.887561
308.577956,113,17287.343443
347.897361,127,17287.859149
322.717348,116,17288.328014
332.596516,120,17288.8074
352.449304,129,17289.323737
343.128418,125,17289.825661
340.926001,123,17290.324489
351.955836,128,17290.835852
330.545103,119,17291.317259
349.106044,130,17291.836409
349.454432,130,17292.364257
349.712202,130,17292.941423
346.426608,126,17293.444569
336.86206,122,17293.927813
328.84777,120,17294.407792
331.838795,118,17294.879046
325.91838,116,17295.343331
337.488516,124,17295.83557
335.15995,121,17296.323323
332.793613,128,17296.834841
341.144088,127,17297.343865
334.622737,125,17297.844107
325.476264,116,17298.308528
147.874323,74,17298.60264
348.25222,132,17299.128515
343.474614,126,17299.627413
336.876563,120,17300.10775
318.811562,124,17300.604661
49.850847,29,17300.720603
355.084628,131,17301.243895
303.431752,111,17301.686138
357.943616,129,17676.143206
347.916281,128,17676.658859
324.096433,127,17677.168126
305.472573,115,17677.625048
341.761386,121,17678.103513
365.751429,126,17678.609022
349.329756,127,17679.115581
362.059178,129,17679.636448
338.498116,128,17680.152285
366.266463,133,17680.693738
335.551818,126,17681.19927
341.453552,128,17681.716945
311.790514,115,17682.177462
357.495725,123,17682.667381
298.969523,114,17683.124059
329.493246,120,17683.601501
348.563778,125,17684.105462
355.515284,133,17684.684876
327.68138,124,17685.189978
311.540714,115,17685.645748
362.933391,128,17686.156053
359.053885,131,17686.675358
317.732013,122,17687.160747
348.562816,126,17687.66063
321.12643,117,17688.128012
277.94484,111,17688.574105
347.129296,122,17689.055927
335.337175,121,17689.536765
314.865972,114,17689.988057
324.930123,120,17690.475947
325.857053,128,17690.996625
319.879242,122,17691.482471
318.848451,116,17691.947139
343.024655,122,18066.00455
362.034822,132,18066.597158
328.135456,117,18067.064421
361.212894,127,18067.570516
341.627817,122,18068.062706
349.757819,125,18068.564408
337.528798,119,18069.03864
332.693858,125,18069.542011
364.162203,129,18070.064205
329.982663,122,18070.551848
353.979355,127,18071.060684
331.166004,120,18071.538353
353.896645,125,18072.03686
306.443963,117,18072.506633
349.286573,125,18073.012324
42.367594,25,18073.111568
344.283731,127,18073.61692
307.806276,115,18074.076658
346.200479,123,18074.571076
328.540761,119,18075.053294
338.373081,129,18075.567921
366.486452,128,18076.078947
360.332689,125,18076.582154
350.531456,127,18077.093027
307.621659,115,18077.596653
339.614713,126,18078.116149
356.254854,125,18078.618106
313.350056,119,18079.096548
318.183344,122,18079.588027
325.102462,124,18080.080816
373.970125,130,18080.601456
303.494357,115,18081.058372
314.16461,116,18081.528801
304.171818,114,18081.984556
326.465518,116,18456.361354
314.521065,114,18456.816555
350.959682,128,18457.33586
363.416554,126,18457.852673
356.675476,131,18458.377365
327.1285,120,18458.857675
338.347784,125,18459.377581
316.145091,117,18459.891079
347.651359,127,18460.403272
340.397145,128,18460.920408
350.893951,124,18461.417723
343.654857,125,18461.921339
331.704007,119,18462.401844
320.032873,118,18462.876179
317.436456,114,18463.340056
361.469287,127,18463.851604
329.194131,122,18464.340237
300.325563,110,18464.784725
331.204584,119,18465.26492
298.649915,111,18465.713582
296.007771,110,18466.152863
307.328406,113,18466.607118
294.670964,122,18467.096608
335.812356,124,18467.587385
286.999027,108,18468.019626
321.581206,118,18468.495725
341.875,130,18469.012869
333.205941,123,18469.504818
340.611542,127,18470.014184
344.83928,124,18470.56049
341.103593,121,18471.064178
341.468317,122,18471.550616
366.100389,129,18472.067953
342.710519,128,18472.581473
358.124905,125,18846.638498
333.169999,124,18847.135207
287.246593,113,18847.589949
333.712283,127,18848.105567
353.299856,126,18848.615328
340.653136,128,18849.135251
296.760149,109,18849.578991
337.309635,124,18850.076075
331.587035,123,18850.57317
328.764329,123,18851.064041
346.978676,122,18851.555233
360.910527,128,18852.065334
337.289429,123,18852.617189
317.382284,118,18853.088591
297.222863,114,18853.549145
332.310659,120,18854.025784
320.367279,116,18854.491036
322.915438,117,18854.964006
330.740855,118,18855.435553
349.415064,130,18855.96135
329.366465,117,18856.430794
363.455654,126,18856.936994
358.661599,126,18857.440849
344.642604,125,18857.943563
333.204911,119,18858.416833
311.522227,120,18858.900636
327.333015,126,18859.404763
345.703699,128,18859.906096
281.177025,114,18860.364926
295.529533,112,18860.81045
353.645086,129,18861.332425
311.747812,116,18861.800906
316.144103,117,18862.268899
335.94388,119,18862.741256
340.262405,122,19237.15998
336.556541,125,19237.672972
332.81453,118,19238.138704
280.563353,112,19238.585432
339.968206,124,19239.083671
316.664637,121,19239.58439
338.141018,122,19240.072476
339.691311,124,19240.569132
319.162899,116,19241.033323
350.067895,123,19241.528082
343.193431,129,19242.052753
343.065291,120,19242.543783
344.625212,130,19243.068303
341.644493,121,19243.607517
342.859701,124,19244.120083
328.177435,117,19244.598936
305.774756,121,19245.085137
331.841855,117,19245.551537
330.346424,128,19246.065078
335.773292,127,19246.576624
330.905001,122,19247.062268
318.323352,114,19247.522179
310.693546,114,19247.985246
349.929659,131,19248.512644
322.324006,123,19249.004389
346.128995,129,19249.522305
340.041458,123,19250.013918
326.562745,117,19250.47802
327.643879,121,19250.95824
340.250573,125,19251.457407
327.875313,129,19251.975971
344.8382,130,19252.501213
337.718504,123,19252.993363
315.887089,117,19626.643862
346.116854,123,19627.136499
349.563845,127,19627.645059
331.037981,120,19628.120326
286.791089,118,19628.596812
353.004597,130,19629.120321
304.910628,111,19629.566698
340.756155,123,19630.056255
355.543294,126,19630.568667
347.874042,121,19631.052373
123.913939,65,19631.317748
348.134443,122,19631.804419
355.171215,128,19632.317101
320.631933,120,19632.796677
325.595469,126,19633.302785
332.933156,129,19633.824487
354.786837,131,19634.352079
323.151885,123,19634.911315
338.499431,128,19635.431285
345.659248,122,19635.928988
352.058346,130,19636.450699
345.73054,122,19636.936872
321.721222,120,19637.420606
318.51601,115,19637.88108
335.905118,122,19638.372078
315.60209,116,19638.836432
320.155244,115,19639.305976
354.161281,124,19639.800202
335.505271,119,19640.280625
328.702269,120,19640.764544
343.791202,127,19641.270067
355.3999,131,19641.792745
326.84499,120,19642.273835
308.798305,114,19642.743169
334.40358,121,20016.929092
312.978795,119,20017.411108
327.533722,121,20017.895803
363.414515,132,20018.469304
336.834046,128,20019.009209
330.060217,119,20019.48484
345.008698,131,20020.020718
349.491583,123,20020.516716
345.583427,123,20021.009127
299.458457,111,20021.455884
268.476048,103,20021.867137
336.894347,120,20022.346894
307.659487,119,20022.827768
308.830925,125,20023.3326
347.905503,126,20023.836589
334.975862,127,20024.34927
338.385407,122,20024.839259
336.418041,122,20025.371189
296.645848,116,20025.840326
329.409806,123,20026.340533
328.630355,125,20026.839386
322.1293,123,20027.332236
298.173753,110,20027.766733
337.559884,120,20028.248952
323.833805,124,20028.744995
338.460287,122,20029.233541
349.636848,123,20029.791003
310.871009,119,20030.269212
305.129293,113,20030.723483
343.528763,126,20031.226825
363.679936,124,20031.719757
341.654191,125,20032.220134
288.476964,109,20032.657198
307.539254,112,20033.104309
333.369416,127,20407.475899
336.454518,126,20407.983556
349.72698,127,20408.490931
324.688222,122,20408.981135
328.730615,121,20409.466365
334.978344,125,20409.965399
306.608936,121,20410.450008
335.26768,131,20410.97122
310.654831,118,20411.487358
352.642069,128,20412.019848
352.70879,124,20412.520791
338.881,127,20413.033305
337.813442,120,20413.520237
343.666393,122,20414.00368
338.807603,123,20414.494982
320.927529,117,20414.960935
350.958738,124,20415.454999
333.952063,123,20415.944336
305.678617,112,20416.386992
301.643945,114,20416.848414
348.286942,126,20417.352344
205.221026,90,20417.720364
331.446482,120,20418.196941
355.319714,123,20418.689127
271.574737,110,20419.131609
369.709678,128,20419.6444
338.326825,119,20420.121285
296.758799,109,20420.556525
360.9532,133,20421.089499
348.24977,126,20421.591163
302.06278,111,20422.037716
340.245892,124,20422.591901
345.876847,126,20423.097821
335.688727,126,20423.604642
329.647818,124,20797.609072
330.10469,122,20798.104598
314.927796,118,20798.576459
317.680472,116,20799.045415
335.628026,120,20799.528205
278.636224,111,20799.974283
321.096685,115,20800.442423
315.558406,118,20800.91618
333.72031,121,20801.397962
336.981593,121,20801.880186
298.084605,110,20802.321896
330.29666,118,20802.796823
336.835127,121,20803.28074
361.03254,123,20803.775732
344.705378,124,20804.271299
344.90935,126,20804.83234
353.527804,128,20805.3489
324.890563,118,20805.814679
362.462858,131,20806.340646
363.210245,126,20806.847895
312.286495,116,20807.320827
335.059438,129,20807.837228
353.300781,126,20808.347617
341.667175,126,20808.857733
333.171247,118,20809.328382
331.971098,126,20809.824195
322.204505,121,20810.310228
352.336857,130,20810.832036
288.56967,110,20811.273559
331.948922,121,20811.760226
328.518963,123,20812.250362
339.372307,129,20812.760276
283.147701,117,20813.229962
337.905676,120,20813.709212
308.073785,120,21187.811053
362.714918,127,21188.322465
341.326134,129,21188.836557
352.701339,126,21189.343018
333.830201,123,21189.83941
316.102096,118,21190.318181
328.090106,118,21190.79253
349.36114,122,21191.28481
273.598829,113,21191.742542
337.046316,125,21192.251498
342.026564,123,21192.752239
339.962165,127,21193.258173
351.390315,125,21193.765561
309.921839,119,21194.245048
355.440598,130,21194.760318
323.971713,123,21195.256318
336.580563,120,21195.804779
336.180848,121,21196.299178
340.435279,125,21196.802605
133.317059,70,21197.083807
342.176843,122,21197.576658
305.3987,112,21198.023
287.730204,109,21198.460016
317.948718,116,21198.924489
353.927299,127,21199.431924
310.946242,115,21199.893424
330.571408,120,21200.371867
335.38791,123,21200.862767
352.056282,130,21201.379088
311.585348,121,21201.864853
288.82444,116,21202.331632
340.482159,121,21202.821427
336.177289,121,21203.304771
333.182156,118,21203.783482
327.152866,124,21578.061066
303.872266,117,21578.528031
367.487745,126,21579.030325
328.888416,120,21579.514073
329.922291,123,21580.009222
325.006751,118,21580.480034
326.515135,123,21580.984174
324.147125,115,21581.445471
312.372844,121,21581.928272
313.135307,118,21582.400744
323.210705,119,21582.871866
325.885219,120,21583.351883
299.226523,112,21583.796239
325.033339,116,21584.260105
330.2421,125,21584.76452
328.058424,119,21585.24629
295.082272,108,21585.682392
332.193444,123,21586.172933
354.304528,124,21586.692535
341.652413,128,21587.245803
362.714244,130,21587.769761
328.342266,120,21588.255399
330.730287,122,21588.744466
350.274178,126,21589.248341
331.848619,120,21589.728172
321.754376,124,21590.222917
328.060642,125,21590.725292
337.92752,123,21591.213943
357.735512,123,21591.704293
322.599162,118,21592.185035
314.811377,116,21592.648654
342.718438,128,21593.167682
359.389733,128,21593.688192
345.935698,129,21594.205022
333.360536,126,21968.244162
347.844867,128,21968.756073
344.808994,129,21969.272885
319.484241,121,21969.761585
346.936555,128,21970.276004
338.180995,126,21970.784688
310.479608,114,21971.24448
343.780353,129,21971.765446
265.212313,109,21972.204742
325.847181,123,21972.692861
318.648628,122,21973.183263
356.722742,133,21973.727923
325.581333,117,21974.200044
323.23137,120,21974.677333
353.08118,128,21975.187539
334.413341,124,21975.685138
352.5654,129,21976.194914
327.478729,123,21976.688123
347.473365,127,21977.192528
337.988433,125,21977.709776
329.146551,129,21978.268111
156.980382,78,21978.601098
345.619092,128,21979.111161
352.104356,122,21979.595904
335.359654,127,21980.098868
334.033163,122,21980.584254
352.634,130,21981.103148
345.365,119,21981.580775
332.371346,126,21982.085243
327.624948,122,21982.571736
328.901302,126,21983.077229
309.638841,120,21983.555634
392.494968,140,21984.118068
316.474558,116,22358.474051
317.190297,115,22358.968442
335.242809,120,22359.448057
331.007752,124,22359.944548
341.901912,123,22360.43976
331.877978,129,22360.964774
124.977364,68,22361.236179
351.275347,127,22361.745318
321.921347,119,22362.224216
338.30123,129,22362.74042
326.399024,124,22363.238245
324.755598,118,22363.710917
313.718961,120,22364.187349
167.02753,83,22364.525005
334.505636,125,22365.027326
296.016622,109,22365.472058
314.738877,123,22365.963846
313.649699,115,22366.428879
329.930266,119,22366.903435
332.545187,121,22367.389198
357.139009,133,22367.926992
348.418707,127,22368.441332
347.502753,128,22368.954445
321.081916,114,22369.445503
330.301226,121,22369.964164
334.708617,122,22370.455499
357.250029,126,22370.961529
353.273986,128,22371.480293
347.540509,129,22371.999766
347.425442,134,22372.536625
347.175264,130,22373.053462
313.039396,120,22373.543923
303.59456,115,22374.001393
346.221473,131,22374.520916
356.438504,124,22748.783875
350.782874,122,22749.276051
330.95127,126,22749.778619
309.075016,114,22750.227923
283.290014,109,22750.66481
339.698169,128,22751.172702
361.864179,131,22751.757669
338.0897,128,22752.273708
347.285173,130,22752.800156
314.150899,121,22753.284039
305.947124,116,22753.75155
304.696015,121,22754.239861
350.201285,126,22754.752142
344.003692,125,22755.251962
322.596123,123,22755.752201
335.047527,122,22756.240187
326.943911,116,22756.707783
352.027468,129,22757.228823
348.184864,126,22757.733544
364.995843,128,22758.24035
304.90548,114,22758.697751
321.142234,115,22759.159631
313.50701,115,22759.62476
341.489268,122,22760.111369
304.029879,118,22760.583705
348.841851,123,22761.079738
304.5009,115,22761.540395
339.676722,125,22762.036995
302.21573,112,22762.502511
348.327098,123,22763.043472
328.565386,124,22763.547225
322.646084,123,22764.036323
339.26479,128,22764.552299
352.135219,127,22765.064652
329.906331,119,23139.146362
328.875281,126,23139.654276
341.937662,123,23140.149059
350.679493,127,23140.663525
341.171593,122,23141.148075
346.103192,131,23141.677566
350.870994,121,23142.165086
349.336863,124,23142.660278
351.800665,127,23143.173261
311.885314,117,23143.642055
316.486457,113,23144.092464
337.449613,126,23144.659885
331.292839,120,23145.14036
309.905497,121,23145.625266
302.844431,114,23146.083603
324.708877,123,23146.572301
339.438143,124,23147.06804
320.755384,118,23147.545414
361.25088,131,23148.06593
333.715694,126,23148.567959
331.047461,118,23149.040779
313.44588,118,23149.508318
342.183589,125,23150.004092
321.599348,124,23150.504853
314.679712,115,23150.963759
349.617452,127,23151.468845
326.547218,119,23151.942205
314.349902,118,23152.41627
345.294621,121,23152.893311
325.161128,119,23153.368489
311.050039,111,23153.813088
360.190207,126,23154.312818
326.48482,121,23154.795704
359.659191,133,23529.180346
325.915925,124,23529.695481
331.674521,121,23530.181893
359.255231,129,23530.698066
349.719771,126,23531.201519
330.30267,120,23531.685881
340.191913,126,23532.193718
327.365403,122,23532.684121
343.107911,124,23533.180257
317.397482,117,23533.653028
330.010691,127,23534.16105
310.573362,119,23534.641694
345.627045,130,23535.167814
320.047623,117,23535.691376
339.076192,127,23536.207873
351.438523,129,23536.729566
327.983747,120,23537.208888
308.859833,118,23537.676646
329.583004,120,23538.15679
339.811431,126,23538.660917
325.374997,120,23539.140708
336.151511,129,23539.668873
353.025942,130,23540.1872
353.882755,126,23540.69351
341.932645,130,23541.218014
358.241227,128,23541.731416
330.492682,125,23542.232109
359.854894,124,23542.72769
329.753276,131,23543.251776
341.449851,121,23543.735634
339.106158,123,23544.229389
338.646666,122,23544.712606
110.621539,61,23544.957823
341.584617,125,23545.460106
316.851479,121,23920.002467
334.010572,123,23920.507413
328.842957,127,23921.021668
338.414432,128,23921.540201
360.51479,132,23922.068625
355.140117,125,23922.56912
353.238612,122,23923.05951
331.804366,116,23923.524622
299.426974,118,23923.995938
331.944383,120,23924.476174
363.048802,125,23924.977273
326.422939,117,23925.448344
334.307593,125,23925.94791
349.192535,123,23926.436814
312.548409,123,23926.923779
355.929996,122,23927.435544
337.892514,122,23927.956221
330.093802,120,23928.44037
327.68517,118,23928.913651
370.355699,128,23929.424728
316.195488,123,23929.916803
328.986755,118,23930.392286
333.874929,125,23930.888698
346.205994,122,23931.376876
313.186591,116,23931.840257
339.874138,126,23932.344064
336.867244,123,23932.835449
342.901951,124,23933.328793
319.120921,115,23933.788574
339.169538,132,23934.313388
314.753992,114,23934.767082
359.024928,133,23935.300273
336.203004,122,23935.792335
348.437726,126,24310.1017
338.749162,125,24310.603869
369.08756,127,24311.111615
323.077693,125,24311.616294
333.065694,124,24312.109871
371.226401,127,24312.616299
321.163231,118,24313.088207
348.752181,130,24313.602062
312.822697,119,24314.080469
326.365523,118,24314.552294
346.465408,121,24315.036402
326.945751,120,24315.520936
348.515255,124,24316.016296
305.239761,116,24316.48041
342.275217,122,24316.965685
347.233557,123,24317.45685
334.351954,119,24317.931454
355.996646,130,24318.45435
347.117988,125,24318.952641
337.502166,125,24319.491335
342.976967,123,24320.015153
335.792543,122,24320.504734
326.263813,123,24320.998871
320.560452,122,24321.48699
339.85051,128,24321.997472
332.195436,122,24322.488235
314.553551,115,24322.946874
350.840607,128,24323.45745
298.263828,117,24323.926984
328.79078,124,24324.419562
313.43225,118,24324.895154
324.213336,115,24325.360574
336.439364,123,24325.856471
338.365888,124,24699.872412
311.905197,122,24700.358994
346.331923,124,24700.860309
347.572597,123,24701.359393
296.420587,116,24701.884168
334.94387,123,24702.375827
318.523685,119,24702.85907
350.955362,129,24703.377377
368.533178,128,24703.891866
339.290869,122,24704.376582
344.753549,132,24704.90035
316.138417,116,24705.363831
146.82782,73,24705.657191
341.52852,122,24706.141913
363.821438,126,24706.636654
324.874483,120,24707.117105
352.176994,126,24707.624499
330.9916,125,24708.127212
344.162528,125,24708.627923
370.794485,136,24709.172064
317.214369,116,24709.634173
352.795242,131,24710.152614
315.421364,118,24710.619655
306.457006,112,24711.068062
328.865581,118,24711.547147
308.23193,116,24712.01616
332.491215,125,24712.542546
282.798173,111,24713.01944
335.868145,121,24713.500292
311.473553,122,24713.992126
341.446136,129,24714.508907
331.583221,119,24714.983343
319.620635,120,24715.464027
364.364233,126,24715.969308
345.222655,130,25090.320191
312.842078,122,25090.819994
317.759108,116,25091.285287
328.624953,122,25091.776027
374.260222,133,25092.316327
348.462601,126,25092.821188
349.926823,125,25093.31976
321.961183,119,25093.796612
319.422623,118,25094.276771
336.043352,120,25094.820587
330.86741,121,25095.305519
347.155322,132,25095.835487
305.669788,116,25096.305786
318.204907,117,25096.77304
345.130901,132,25097.304327
363.737751,131,25097.828393
338.508397,123,25098.324223
338.833962,131,25098.852567
357.502317,127,25099.373061
332.516108,123,25099.868014
337.349388,120,25100.349416
322.331649,130,25100.868595
338.103877,123,25101.360531
338.19654,122,25101.847418
338.449169,123,25102.340088
336.365141,123,25102.831038
340.328095,124,25103.327867
363.392084,128,25103.847248
331.217353,122,25104.336643
283.235019,113,25104.784696
326.291641,122,25105.269201
380.64159,130,25105.848491
348.410408,131,25106.376847
321.064445,119,25480.451833
349.625839,124,25480.947272
340.75776,122,25481.44031
343.831958,130,25481.960715
340.635184,128,25482.475098
327.67573,124,25482.972461
318.59323,120,25483.459315
344.526744,129,25483.971424
352.481729,124,25484.468216
362.799413,130,25484.99237
344.031387,129,25485.514455
324.135587,120,25485.995291
339.739318,120,25486.47399
326.058136,118,25486.950637
330.070718,126,25487.500175
360.687233,130,25488.03931
304.295491,119,25488.517298
336.10985,126,25489.025378
353.476395,128,25489.535484
348.66774,128,25490.044225
319.710429,116,25490.510485
332.137541,127,25491.014188
343.534746,124,25491.512743
339.805931,124,25492.004214
342.154203,120,25492.483469
353.398865,129,25493.005686
329.575044,123,25493.499826
356.485541,132,25494.027746
349.551621,128,25494.537114
352.388034,132,25495.064546
344.144674,119,25495.543215
350.65199,128,25496.048221
351.693571,127,25496.565562
300.843125,117,25870.834424
351.136538,129,25871.360769
336.06843,126,25871.863256
338.387462,127,25872.374032
347.990688,124,25872.868016
338.64841,125,25873.374718
39.47528,23,25873.467721
332.363177,124,25873.971081
305.03923,118,25874.444873
355.05752,124,25874.937478
358.382159,131,25875.460106
330.783237,120,25875.940415
356.572634,133,25876.472552
328.180312,121,25876.968391
332.128929,125,25877.46551
355.642842,130,25877.984565
306.104991,118,25878.474027
332.21273,125,25879.015365
322.807075,125,25879.516725
349.240294,130,25880.036807
307.379371,121,25880.518814
338.778649,126,25881.018539
199.399663,97,25881.409502
147.804389,77,25881.718508
328.34507,119,25882.196294
337.418105,127,25882.704658
348.982304,130,25883.222667
312.167201,116,25883.690145
312.876546,118,25884.164042
357.25519,132,25884.692173
351.094943,128,25885.211195
303.297751,111,25885.657362
336.815666,124,25886.148771
49.930295,29,25886.262579
348.835091,125,25886.758248
362.749841,127,26261.000426
338.607424,123,26261.495903
339.524256,123,26261.984367
346.221931,130,26262.504577
365.653445,127,26263.012952
353.095173,129,26263.536813
365.141342,136,26264.088247
316.102582,118,26264.562028
337.42209,128,26265.077945
295.776011,118,26265.556587
325.314319,123,26266.049974
305.266297,115,26266.509474
352.343498,128,26267.031144
323.626436,125,26267.535802
327.466709,117,26268.005563
311.777342,114,26268.460783
308.037728,116,26268.927358
329.925546,128,26269.487902
318.992708,118,26269.97991
308.45821,118,26270.452712
370.923877,129,26270.973256
337.642032,121,26271.455346
332.526332,122,26271.948009
350.171475,124,26272.443637
346.40242,127,26272.956019
327.094722,118,26273.42469
349.138507,129,26273.945665
354.405449,132,26274.476322
349.778794,126,26274.984733
335.2442,123,26275.477803
334.803763,123,26275.9752
367.658447,134,26276.508198
344.540249,122,26277.002381
328.69232,125,26651.051827
305.120309,119,26651.542205
340.116969,125,26652.049235
354.430671,131,26652.619769
337.27363,121,26653.121656
311.067415,122,26653.614665
296.065218,110,26654.060292
335.247903,124,26654.555662
330.712115,125,26655.057036
342.651583,127,26655.571394
324.633342,124,26656.068638
356.321963,124,26656.563448
338.48826,123,26657.056375
285.563177,113,26657.508855
44.419531,26,26657.612732
326.651706,116,26658.089329
361.679278,130,26658.617438
315.343939,115,26659.078644
353.830483,133,26659.603159
346.90392,128,26660.11274
329.482683,123,26660.607918
348.472829,132,26661.135231
352.57808,130,26661.659009
322.90425,124,26662.159
366.617109,133,26662.693089
300.072339,112,26663.139749
325.815446,125,26663.702111
341.927459,121,26664.187087
338.345099,123,26664.67674
345.841727,122,26665.163982
341.423457,123,26665.662595
341.194362,128,26666.175993
357.931216,130,26666.695614
303.798143,119,26667.172388
157.419268,81,26667.498046
330.726854,119,27051.54621
368.737876,129,27052.220826
333.752424,125,27052.787439
356.752671,124,27053.333946
349.496701,126,27053.874707
340.822812,127,27054.414979
326.312223,122,27054.931592
285.342404,111,27055.413656
307.510004,117,27055.899893
360.4765,130,27056.445652
352.505285,129,27056.995873
325.155757,125,27057.543144
345.939041,129,27058.077355
337.647811,121,27058.59077
363.260021,128,27059.119437
323.404924,125,27059.656996
340.262899,120,27060.16497
329.083089,125,27060.677355
297.745608,111,27061.128741
308.399286,114,27061.616007
325.766919,120,27062.113182
313.101836,113,27062.636473
322.591533,117,27063.125249
364.856891,128,27063.741246
345.560216,128,27064.285706
336.074949,127,27064.816672
359.042419,126,27065.343697
377.262903,139,27065.921227
350.85261,129,27066.538031
334.624086,126,27067.042753
321.048091,117,27067.512625
348.259478,130,27068.03271
339.789444,130,27068.552812
322.595901,121,27447.151579
354.121951,130,27447.673272
297.382916,116,27448.135325
315.083644,122,27448.632131
317.859404,120,27449.116373
350.933821,128,27449.625473
351.035383,126,27450.13924
323.361604,116,27450.601905
339.991856,125,27451.091953
354.717114,127,27451.612341
350.877167,129,27452.128027
346.975848,121,27452.672231
330.946215,122,27453.173217
318.325253,116,27453.63691
343.54662,131,27454.169442
326.825418,126,27454.672095
328.304235,127,27455.1973
333.912558,126,27455.701106
345.521344,133,27456.241714
337.950958,123,27456.730434
356.920798,132,27457.255007
208.799269,105,27457.675752
341.570017,121,27458.165832
305.918717,116,27458.633121
285.603448,106,27459.059766
346.849679,130,27459.584985
324.584107,119,27460.056036
301.908334,117,27460.525334
339.516445,128,27461.035422
335.560766,123,27461.531347
332.764912,121,27462.016373
345.197678,129,27462.530014
342.604357,127,27463.041362
355.415981,131,27836.328523
363.846027,125,27836.829175
335.084692,123,27837.327902
353.335439,128,27837.841271
337.649026,117,27838.308294
343.941721,126,27838.812935
345.527344,125,27839.312546
331.729728,121,27839.79739
339.558571,123,27840.296974
356.142485,124,27840.791892
326.930061,124,27841.291064
317.735176,123,27841.784487
319.410349,124,27842.28216
333.114091,124,27842.780988
123.420669,67,27843.054056
353.080044,123,27843.552957
339.42596,121,27844.041835
327.962222,123,27844.594397
341.69281,124,27845.097011
322.95802,118,27845.568122
147.775988,75,27845.866702
354.058359,129,27846.38394
352.072425,125,27846.888725
336.09549,121,27847.368994
342.732679,119,27847.843377
327.750479,122,27848.328914
332.281474,128,27848.844347
357.816692,131,27849.373188
361.318286,127,27849.882861
334.9891,126,27850.383923
325.921095,121,27850.868145
348.003056,127,27851.374353
296.101744,109,27851.807366
350.092777,123,27852.301273
329.941677,122,28229.749233
328.187727,123,28230.233471
321.674553,114,28230.688769
326.661903,118,28231.177575
350.670004,122,28231.669587
350.498363,124,28232.175432
330.39617,119,28232.656963
324.054007,126,28233.168743
311.170391,117,28233.645479
355.147049,132,28234.18932
312.236501,118,28234.689919
368.25443,132,28235.228872
306.715196,116,28235.700365
339.211408,122,28236.228253
372.826295,130,28236.804038
347.468899,127,28237.347944
364.149906,132,28237.902665
347.879973,127,28238.477202
338.973112,128,28239.054746
341.967277,122,28239.564439
335.644625,120,28240.059965
349.276801,130,28240.59317
330.48438,119,28241.08384
352.302125,126,28241.589065
352.797606,123,28242.091931
303.345635,112,28242.556851
331.133377,119,28243.047401
323.610832,123,28243.54336
323.561562,118,28244.015809
334.616029,126,28244.521734
319.263306,120,28244.9993
356.02197,126,28245.527365
349.456692,123,28246.025529
353.269577,123,28621.154552
333.594106,122,28621.703894
334.522943,129,28622.221803
317.362675,116,28622.684194
348.297887,124,28623.185531
337.023856,127,28623.694892
350.519381,129,28624.211586
340.346595,127,28624.720899
337.440387,128,28625.241712
198.990003,92,28625.60768
352.938075,128,28626.126698
341.524279,128,28626.635183
283.936898,114,28627.09607
312.564002,113,28627.548443
354.034373,128,28628.058484
326.919264,119,28628.535399
366.096036,126,28629.04298
314.269965,115,28629.505012
355.889581,129,28630.018877
360.788544,123,28630.50887
345.873999,123,28630.999575
352.308605,131,28631.52406
329.000156,120,28632.001423
336.438502,125,28632.539269
341.003969,128,28633.065055
291.030662,118,28633.536588
343.654272,128,28634.049644
341.330652,124,28634.543644
329.1239,126,28635.047444
363.940015,132,28635.56793
344.452424,125,28636.070018
343.154729,127,28636.580209
56.301185,34,28636.716147
339.118643,123,28637.208574
342.332023,125,29010.34804
297.146277,116,29010.807891
340.321833,128,29011.320831
344.614352,127,29011.827811
347.974068,122,29012.321363
355.607,125,29012.821016
337.228677,120,29013.308905
359.368052,129,29013.883986
347.449228,128,29014.396507
325.750821,123,29014.888221
329.252021,125,29015.400517
350.764937,128,29015.913371
346.851967,125,29016.413118
311.583508,116,29016.880204
351.006057,126,29017.383806
340.446383,123,29017.876089
307.86962,122,29018.369002
356.926731,130,29018.88804
347.785595,129,29019.404776
339.708034,129,29019.93299
313.514432,122,29020.420267
334.321109,122,29020.912664
359.003392,132,29021.441657
292.886688,111,29021.884461
329.959173,125,29022.384873
335.581174,120,29022.872929
342.114988,128,29023.382511
342.036286,123,29023.875541
359.28721,130,29024.418118
305.375255,120,29024.937194
369.956228,132,29025.463615
315.248919,122,29025.95315
330.156134,117,29026.428821
334.767841,121,29399.208928
364.64652,128,29399.721175
318.773262,121,29400.210339
358.388201,131,29400.728952
146.722422,77,29401.036699
332.320886,126,29401.536213
344.11435,127,29402.049478
330.723582,124,29402.549753
361.022398,127,29403.0512
359.899157,128,29403.564113
337.617513,122,29404.053616
334.459047,127,29404.561697
315.946875,119,29405.035182
326.716803,126,29405.531707
328.615237,117,29405.994623
370.482887,129,29406.513302
337.257916,126,29407.013415
365.736962,125,29407.508355
343.1029,125,29408.004403
340.004971,122,29408.493073
329.341954,120,29408.972856
350.991168,129,29409.490342
325.120097,118,29409.959182
290.93433,114,29410.412109
355.685942,122,29410.902137
327.256416,118,29411.375718
343.716304,130,29411.896755
331.127128,125,29412.392164
339.74519,120,29412.872566
346.350356,125,29413.371558
339.839215,125,29413.871435
346.403598,131,29414.391446
348.164354,129,29414.912114
336.738751,120,29415.388262
298.213016,120,29788.924867
285.895911,115,29789.382064
330.11732,123,29789.87585
347.900347,125,29790.376956
337.245508,127,29790.892176
358.925546,129,29791.429023
273.709768,107,29791.910567
349.145653,126,29792.415415
318.407893,115,29792.88131
341.076418,128,29793.397195
338.015662,122,29793.88432
324.817238,122,29794.371557
325.373306,120,29794.855804
341.77429,122,29795.355447
360.983963,130,29795.871749
321.439203,116,29796.331645
327.909712,121,29796.820924
355.077774,125,29797.321514
329.877238,119,29797.803222
286.194496,109,29798.237841
164.381443,80,29798.563937
314.065386,117,29799.033062
133.570794,68,29799.303306
330.978371,118,29799.773306
337.734941,121,29800.255645
344.868912,125,29800.759854
333.075625,124,29801.257493
344.104486,122,29801.748957
334.999889,123,29802.239854
342.20863,126,29802.816722
363.73207,130,29803.336494
292.439646,112,29803.784169
347.31204,124,29804.284467
355.593877,126,29804.787668
