#{"t_start": 1545883371.9456985, "gym_version": "0.10.8", "env_id": "Acrobot-v1"}
r,l,t
-500.0,500,2.576454
-500.0,500,4.543717
-161.0,162,5.249757
-247.0,248,6.062386
-328.0,329,7.331306
-337.0,338,8.626653
-175.0,176,9.198686
-177.0,178,9.781926
-125.0,126,10.194823
-159.0,160,10.934008
-159.0,160,11.465492
-180.0,181,12.071013
-109.0,110,12.660035
-155.0,156,13.206064
-123.0,124,13.613372
-165.0,166,14.327543
-119.0,120,14.723826
-119.0,120,15.11787
-127.0,128,15.538019
-166.0,167,16.243749
-109.0,110,16.608174
-122.0,123,17.006208
-96.0,97,17.320571
-90.0,91,17.625311
-86.0,87,18.090285
-143.0,144,18.57061
-93.0,94,18.875069
-134.0,135,19.326391
-87.0,88,19.621087
-99.0,100,20.133249
-92.0,93,20.466713
-93.0,94,20.817335
-93.0,94,21.136056
-98.0,99,21.485592
-95.0,96,22.077976
-91.0,92,22.462957
-92.0,93,22.876615
-92.0,93,23.498481
-87.0,88,23.960952
-161.0,162,24.995445
-93.0,94,25.538651
-93.0,94,25.851079
-110.0,111,26.233533
-86.0,87,26.525351
-123.0,124,27.126254
-99.0,100,27.476763
-101.0,102,27.841377
-103.0,104,28.197942
-86.0,87,28.49368
-106.0,107,29.03745
-85.0,86,29.324481
-78.0,79,29.584634
-82.0,83,29.86394
-128.0,129,30.310472
-79.0,80,30.761748
-101.0,102,31.115707
-88.0,89,31.421872
-87.0,88,31.72041
-96.0,97,32.053522
-94.0,95,32.368968
-96.0,97,32.869204
-113.0,114,33.244444
-76.0,77,33.519664
-80.0,81,33.809592
-118.0,119,34.238735
-85.0,86,34.690466
-88.0,89,34.981544
-87.0,88,35.274036
-99.0,100,35.604498
-97.0,98,35.92544
-326.0,327,37.191656
-84.0,85,37.475324
-101.0,102,37.814017
-75.0,76,38.062799
-101.0,102,38.578593
-98.0,99,38.906227
-90.0,91,39.211283
-76.0,77,39.471892
-112.0,113,39.846838
-81.0,82,40.279903
-92.0,93,40.588474
-75.0,76,40.839216
-76.0,77,41.097218
-84.0,85,41.378047
-109.0,110,41.742953
-73.0,74,42.152308
-94.0,95,42.467317
-106.0,107,42.821746
-76.0,77,43.076599
-75.0,76,43.321923
-75.0,76,43.616364
-106.0,107,44.197541
-63.0,64,44.416918
-74.0,75,44.669373
-69.0,70,44.901935
-88.0,89,45.199624
-62.0,63,45.415311
-75.0,76,45.674456
-70.0,71,46.086039
-180.0,181,46.679822
-77.0,78,46.935144
-61.0,62,47.14287
-80.0,81,47.415016
-62.0,63,47.788239
-78.0,79,48.048458
-62.0,63,48.253587
-73.0,74,48.500471
-82.0,83,48.77818
-71.0,72,49.010865
-60.0,61,49.206863
-82.0,83,49.65232
-98.0,99,49.987157
-60.0,61,50.193843
-87.0,88,50.482909
-74.0,75,50.735003
-79.0,80,50.995111
-74.0,75,51.240098
-88.0,89,51.706383
-66.0,67,51.923969
-69.0,70,52.15205
-84.0,85,52.431188
-77.0,78,52.692921
-72.0,73,52.931429
-93.0,94,53.418417
-106.0,107,53.769648
-70.0,71,54.003607
-83.0,84,54.28723
-80.0,81,54.591151
-88.0,89,54.928725
-71.0,72,55.331462
-81.0,82,55.608629
-70.0,71,55.83928
-94.0,95,56.149884
-64.0,65,56.362696
-88.0,89,56.659215
-61.0,62,56.863404
-74.0,75,57.279385
-69.0,70,57.511822
-71.0,72,57.744197
-71.0,72,57.981666
-78.0,79,58.235375
-69.0,70,58.465947
-104.0,105,58.80532
-82.0,83,59.246212
-69.0,70,59.481264
-72.0,73,59.723827
-72.0,73,59.963861
-61.0,62,60.167957
-80.0,81,60.437396
-63.0,64,60.648629
-74.0,75,61.060105
-63.0,64,61.267816
-88.0,89,61.552551
-68.0,69,61.785497
-62.0,63,62.000888
-70.0,71,62.241105
-92.0,93,62.550061
-76.0,77,62.979964
-70.0,71,63.216072
-65.0,66,63.437798
-64.0,65,63.658358
-82.0,83,63.934116
-100.0,101,64.268764
-63.0,64,64.661536
-64.0,65,64.874042
-71.0,72,65.11446
-71.0,72,65.358336
-71.0,72,65.655103
-63.0,64,65.91804
-70.0,71,66.161381
-94.0,95,66.64257
-102.0,103,66.979065
-63.0,64,67.194864
-114.0,115,67.575169
-64.0,65,67.79858
-63.0,64,68.011073
-72.0,73,68.259908
-110.0,111,68.808559
-89.0,90,69.108124
-123.0,124,69.515753
-71.0,72,69.750522
-80.0,81,70.013905
-80.0,81,70.447423
-62.0,63,70.656605
-77.0,78,70.906185
-61.0,62,71.111353
-71.0,72,71.348541
-78.0,79,71.607476
-93.0,94,71.922513
-80.0,81,72.377397
-63.0,64,72.605335
-99.0,100,72.941193
-72.0,73,73.201928
-85.0,86,73.503349
-68.0,69,73.74843
-65.0,66,73.970223
-69.0,70,74.3976
-100.0,101,74.739843
-63.0,64,74.963144
-64.0,65,75.180662
-70.0,71,75.432476
-102.0,103,75.791709
-62.0,63,76.181368
-126.0,127,76.665668
-61.0,62,76.881886
-61.0,62,77.124112
-62.0,63,77.369791
-62.0,63,77.595635
-70.0,71,77.8439
-71.0,72,78.272781
-62.0,63,78.48623
-70.0,71,78.719328
-62.0,63,78.943506
-63.0,64,79.169832
-63.0,64,79.387827
-64.0,65,79.61983
-72.0,73,79.873529
-63.0,64,80.263887
-71.0,72,80.509601
-74.0,75,80.763727
-145.0,146,81.244267
-88.0,89,81.541785
-71.0,72,81.775597
-112.0,113,82.320839
-71.0,72,82.562534
-61.0,62,82.770837
-86.0,87,83.053425
-63.0,64,83.260719
-62.0,63,83.467959
-86.0,87,83.92607
-63.0,64,84.136245
-63.0,64,84.342527
-62.0,63,84.55153
-63.0,64,84.761234
-62.0,63,84.971179
-106.0,107,85.328417
-63.0,64,85.542337
-62.0,63,85.925447
-64.0,65,86.139457
-61.0,62,86.346741
-70.0,71,86.628508
-77.0,78,86.919135
-69.0,70,87.150732
-61.0,62,87.348833
-62.0,63,87.730574
-62.0,63,87.941848
-70.0,71,88.17687
-62.0,63,88.384616
-86.0,87,88.674429
-62.0,63,88.881023
-61.0,62,89.085647
-95.0,96,89.568014
-71.0,72,89.795737
-61.0,62,89.998183
-105.0,106,90.341612
-63.0,64,90.552648
-62.0,63,90.757683
-71.0,72,90.999012
-107.0,108,91.533513
-70.0,71,91.768576
-61.0,62,91.975256
-64.0,65,92.194134
-61.0,62,92.401944
-90.0,91,92.698845
-62.0,63,92.915204
-63.0,64,93.299303
-61.0,62,93.509508
-62.0,63,93.722386
-63.0,64,93.933076
-63.0,64,94.150398
-63.0,64,94.360143
-71.0,72,94.598038
-63.0,64,94.811134
-62.0,63,95.1912
-71.0,72,95.427673
-62.0,63,95.632591
-71.0,72,95.870404
-88.0,89,96.162476
-87.0,88,96.458423
-82.0,83,96.732127
-63.0,64,97.113682
-74.0,75,97.362236
-62.0,63,97.612154
-72.0,73,97.893444
-83.0,84,98.170305
-70.0,71,98.406386
-62.0,63,98.614569
-87.0,88,99.074167
-62.0,63,99.283961
-61.0,62,99.50305
-62.0,63,99.714376
-70.0,71,99.956041
-61.0,62,100.15788
-62.0,63,100.365657
-62.0,63,100.578377
-86.0,87,101.033542
-85.0,86,101.314729
-63.0,64,101.526782
-71.0,72,101.768406
-62.0,63,101.973933
-62.0,63,102.18174
-62.0,63,102.393567
-62.0,63,102.768369
-62.0,63,102.975977
-62.0,63,103.185594
-61.0,62,103.385477
-110.0,111,103.747571
-61.0,62,103.947829
-63.0,64,104.160385
-61.0,62,104.365765
-71.0,72,104.776415
-62.0,63,104.98329
-62.0,63,105.191133
-62.0,63,105.403759
-62.0,63,105.61539
-63.0,64,105.82626
-60.0,61,106.02568
-63.0,64,106.235169
-61.0,62,106.612687
-62.0,63,106.826752
-63.0,64,107.040665
-63.0,64,107.249942
-117.0,118,107.637086
-62.0,63,107.840389
-62.0,63,108.044443
-62.0,63,108.427166
-62.0,63,108.655427
-63.0,64,108.866004
-62.0,63,109.09897
-61.0,62,109.319336
-62.0,63,109.532868
-62.0,63,109.740662
-62.0,63,109.946611
-70.0,71,110.352634
-62.0,63,110.55997
-62.0,63,110.768647
-61.0,62,110.973465
-62.0,63,111.183923
-62.0,63,111.397977
-63.0,64,111.606539
-101.0,102,112.111026
-62.0,63,112.316314
-63.0,64,112.525195
-62.0,63,112.730873
-62.0,63,112.935058
-62.0,63,113.141896
-78.0,79,113.399977
-61.0,62,113.601532
-62.0,63,113.976848
-70.0,71,114.211193
-61.0,62,114.427371
-62.0,63,114.632446
-62.0,63,114.83462
-105.0,106,115.184799
-63.0,64,115.395742
-62.0,63,115.768867
-61.0,62,115.976077
-68.0,69,116.203552
-61.0,62,116.413719
-71.0,72,116.650526
-63.0,64,116.858808
-63.0,64,117.06374
-62.0,63,117.273748
-86.0,87,117.737746
-64.0,65,117.951909
-63.0,64,118.16923
-62.0,63,118.376057
-61.0,62,118.624357
-62.0,63,118.869909
-64.0,65,119.085951
-62.0,63,119.290765
-62.0,63,119.680225
-62.0,63,119.887766
-112.0,113,120.266694
-62.0,63,120.475054
-61.0,62,120.680532
-62.0,63,120.885544
-76.0,77,121.137807
-61.0,62,121.514934
-63.0,64,121.723692
-62.0,63,121.93154
-62.0,63,122.138285
-62.0,63,122.350817
-61.0,62,122.5577
-63.0,64,122.771075
-62.0,63,122.980621
-61.0,62,123.354828
-62.0,63,123.565988
-62.0,63,123.773723
-72.0,73,124.013435
-62.0,63,124.215081
-63.0,64,124.424459
-62.0,63,124.632786
-62.0,63,124.842246
-62.0,63,125.218584
-61.0,62,125.424386
-62.0,63,125.633863
-87.0,88,125.926256
-63.0,64,126.134691
-62.0,63,126.337842
-62.0,63,126.553344
-62.0,63,126.761561
-63.0,64,127.141222
-62.0,63,127.348434
-62.0,63,127.561392
-61.0,62,127.763388
-62.0,63,127.971293
-62.0,63,128.184753
-64.0,65,128.399668
-62.0,63,128.606709
-63.0,64,128.99074
-63.0,64,129.207546
-61.0,62,129.427086
-62.0,63,129.68416
-61.0,62,129.919796
-62.0,63,130.126362
-62.0,63,130.334755
-62.0,63,130.542623
-61.0,62,130.91582
-63.0,64,131.127168
-62.0,63,131.335416
-62.0,63,131.545235
-62.0,63,131.751594
-62.0,63,131.96077
-63.0,64,132.173353
-61.0,62,132.374504
-63.0,64,132.760306
-62.0,63,132.966667
-62.0,63,133.17156
-62.0,63,133.381869
-62.0,63,133.584521
-61.0,62,133.789366
-61.0,62,133.993599
-61.0,62,134.200224
-82.0,83,134.642465
-61.0,62,134.845028
-61.0,62,135.046658
-87.0,88,135.329342
-61.0,62,135.53513
-62.0,63,135.739646
-61.0,62,135.939312
-62.0,63,136.14598
-62.0,63,136.530253
-61.0,62,136.739133
-62.0,63,136.956757
-62.0,63,137.169852
-62.0,63,137.390192
-62.0,63,137.600385
-61.0,62,137.816401
-62.0,63,138.030996
-62.0,63,138.412806
-61.0,62,138.620632
-62.0,63,138.837262
-63.0,64,139.060621
-61.0,62,139.274708
-62.0,63,139.49763
-62.0,63,139.715135
-63.0,64,139.938005
-62.0,63,140.32254
-86.0,87,140.653371
-62.0,63,140.904171
-62.0,63,141.112672
-71.0,72,141.358296
-62.0,63,141.569237
-61.0,62,141.768036
-80.0,81,142.037786
-61.0,62,142.413619
-61.0,62,142.621914
-61.0,62,142.828323
-62.0,63,143.031207
-62.0,63,143.237522
-61.0,62,143.439199
-62.0,63,143.650993
-62.0,63,143.855932
-61.0,62,144.227653
-62.0,63,144.435085
-62.0,63,144.638625
-62.0,63,144.844514
-70.0,71,145.076605
-62.0,63,145.281014
-62.0,63,145.489254
-62.0,63,145.692712
-62.0,63,146.06431
-61.0,62,146.263807
-61.0,62,146.469419
-61.0,62,146.673297
-61.0,62,146.875409
-64.0,65,147.084338
-64.0,65,147.293672
-71.0,72,147.527412
-63.0,64,147.909175
-61.0,62,148.110898
-62.0,63,148.312807
-63.0,64,148.519303
-63.0,64,148.731024
-62.0,63,148.934688
-84.0,85,149.2106
-62.0,63,149.417682
-63.0,64,149.792327
-62.0,63,149.99828
-62.0,63,150.202253
-62.0,63,150.414317
-61.0,62,150.622627
-62.0,63,150.844316
-62.0,63,151.053012
-61.0,62,151.271498
-87.0,88,151.785615
-61.0,62,151.996713
-62.0,63,152.204735
-61.0,62,152.408551
-62.0,63,152.614611
-62.0,63,152.821915
-63.0,64,153.030794
-62.0,63,153.411828
-62.0,63,153.619457
-107.0,108,153.978419
-62.0,63,154.186658
-62.0,63,154.391531
-62.0,63,154.602713
-62.0,63,154.815619
-62.0,63,155.024072
-62.0,63,155.404553
-63.0,64,155.621243
-63.0,64,155.832343
-61.0,62,156.042716
-64.0,65,156.263481
-61.0,62,156.473396
-61.0,62,156.683766
-63.0,64,156.896866
-62.0,63,157.279793
-62.0,63,157.506778
-62.0,63,157.717905
-62.0,63,157.924504
-62.0,63,158.131197
-62.0,63,158.33652
-62.0,63,158.546345
-62.0,63,158.753533
-62.0,63,159.134308
-63.0,64,159.344709
-62.0,63,159.557965
-62.0,63,159.76651
-62.0,63,159.974169
-61.0,62,160.177047
-62.0,63,160.378028
-63.0,64,160.590626
-63.0,64,160.970959
-62.0,63,161.178452
-61.0,62,161.380999
-62.0,63,161.589704
-62.0,63,161.797426
-106.0,107,162.149543
-62.0,63,162.358015
-63.0,64,162.608831
-61.0,62,163.000847
-62.0,63,163.213012
-62.0,63,163.424947
-62.0,63,163.634836
-63.0,64,163.848646
-62.0,63,164.05753
-61.0,62,164.262034
-62.0,63,164.474466
-62.0,63,164.846556
-62.0,63,165.053608
-61.0,62,165.257164
-62.0,63,165.467436
-62.0,63,165.672273
-61.0,62,165.87706
-63.0,64,166.091021
-62.0,63,166.298795
-62.0,63,166.69356
-62.0,63,166.897777
-63.0,64,167.108851
-61.0,62,167.313683
-61.0,62,167.525277
-62.0,63,167.733167
-62.0,63,167.942145
-62.0,63,168.15515
-64.0,65,168.549208
-63.0,64,168.763036
-62.0,63,168.969571
-61.0,62,169.1759
-63.0,64,169.388136
-61.0,62,169.599345
-62.0,63,169.804393
-63.0,64,170.013749
-62.0,63,170.390759
-62.0,63,170.600424
-61.0,62,170.806263
-62.0,63,171.014946
-87.0,88,171.302388
-62.0,63,171.513988
-62.0,63,171.724466
-61.0,62,171.927996
-61.0,62,172.302199
-63.0,64,172.513265
-64.0,65,172.734723
-62.0,63,172.946791
-62.0,63,173.15728
-62.0,63,173.362442
-62.0,63,173.614956
-62.0,63,173.862716
-61.0,62,174.24457
-62.0,63,174.466249
-62.0,63,174.673715
-61.0,62,174.880699
-62.0,63,175.097611
-84.0,85,175.387499
-61.0,62,175.598623
-83.0,84,176.045017
-62.0,63,176.250762
-62.0,63,176.465677
-62.0,63,176.685651
-62.0,63,176.90078
-62.0,63,177.11334
-62.0,63,177.324564
-62.0,63,177.537114
-62.0,63,177.74404
-62.0,63,178.125962
-62.0,63,178.335155
-62.0,63,178.549385
-62.0,63,178.756772
-63.0,64,178.964346
-62.0,63,179.168985
-62.0,63,179.377999
-63.0,64,179.592104
-61.0,62,179.964975
-61.0,62,180.172089
-62.0,63,180.377976
-62.0,63,180.586354
-61.0,62,180.790036
-62.0,63,180.99798
-83.0,84,181.275565
-62.0,63,181.48327
-61.0,62,181.856496
-62.0,63,182.064291
-109.0,110,182.428304
-86.0,87,182.712333
-62.0,63,182.919409
-62.0,63,183.12526
-62.0,63,183.334727
-63.0,64,183.716375
-62.0,63,183.923833
-62.0,63,184.128997
-86.0,87,184.424341
-63.0,64,184.685439
-61.0,62,184.917967
-63.0,64,185.13353
-61.0,62,185.507942
-61.0,62,185.711585
-62.0,63,185.922185
-61.0,62,186.128985
-62.0,63,186.335495
-62.0,63,186.542522
-61.0,62,186.749262
-62.0,63,186.958203
-63.0,64,187.339109
-105.0,106,187.694293
-62.0,63,187.902848
-62.0,63,188.120922
-62.0,63,188.32996
-63.0,64,188.556379
-61.0,62,188.764239
-62.0,63,188.980711
-61.0,62,189.357041
-62.0,63,189.575103
-62.0,63,189.785813
-62.0,63,189.991158
-62.0,63,190.197371
-61.0,62,190.405927
-61.0,62,190.617814
-62.0,63,190.825156
-61.0,62,191.206999
-86.0,87,191.497091
-61.0,62,191.702481
-61.0,62,191.91197
-109.0,110,192.279076
-62.0,63,192.486235
-63.0,64,192.703613
-62.0,63,193.080806
-62.0,63,193.28897
-62.0,63,193.49822
-62.0,63,193.705784
-61.0,62,193.921674
-62.0,63,194.133449
-64.0,65,194.369161
-62.0,63,194.589877
-61.0,62,194.984524
-62.0,63,195.205103
-62.0,63,195.429792
-62.0,63,195.705172
-62.0,63,195.949073
-63.0,64,196.175897
-61.0,62,196.385834
-61.0,62,196.610189
-62.0,63,197.006771
-61.0,62,197.233474
-61.0,62,197.44227
-62.0,63,197.658955
-86.0,87,197.958715
-63.0,64,198.172654
-62.0,63,198.384896
-62.0,63,198.599087
-63.0,64,198.980769
-62.0,63,199.19161
-63.0,64,199.407919
-61.0,62,199.609785
-61.0,62,199.814072
-69.0,70,200.043854
-62.0,63,200.252481
-62.0,63,200.460859
-62.0,63,200.83916
-61.0,62,201.041622
-62.0,63,201.25066
-61.0,62,201.457443
-61.0,62,201.65905
-62.0,63,201.861778
-60.0,61,202.062149
-61.0,62,202.269664
-62.0,63,202.654748
-61.0,62,202.860741
-62.0,63,203.072136
-62.0,63,203.279328
-62.0,63,203.485005
-61.0,62,203.693001
-61.0,62,203.897625
-61.0,62,204.104546
-62.0,63,204.308718
-62.0,63,204.687794
-62.0,63,204.894741
-62.0,63,205.096172
-62.0,63,205.300125
-62.0,63,205.506395
-62.0,63,205.713538
-62.0,63,205.919678
-62.0,63,206.125521
-62.0,63,206.531688
-61.0,62,206.779291
-62.0,63,206.991276
-62.0,63,207.199329
-61.0,62,207.411293
-63.0,64,207.62024
-62.0,63,207.826862
-61.0,62,208.033943
-62.0,63,208.415614
-61.0,62,208.619905
-62.0,63,208.836102
-61.0,62,209.047373
-62.0,63,209.260286
-62.0,63,209.477675
-61.0,62,209.686724
-62.0,63,209.897521
-62.0,63,210.278386
-62.0,63,210.491088
-63.0,64,210.701001
-62.0,63,210.907863
-61.0,62,211.114583
-62.0,63,211.327969
-60.0,61,211.533006
-63.0,64,211.74826
-61.0,62,212.124565
-61.0,62,212.32992
-61.0,62,212.544863
-61.0,62,212.749261
-63.0,64,212.965528
-62.0,63,213.174141
-59.0,60,213.374186
-61.0,62,213.575926
-61.0,62,213.949488
-62.0,63,214.15534
-61.0,62,214.358708
-61.0,62,214.575383
-61.0,62,214.786161
-61.0,62,215.006468
-61.0,62,215.216613
-62.0,63,215.439838
-62.0,63,215.660374
-62.0,63,216.073157
-61.0,62,216.371722
-62.0,63,216.744562
-62.0,63,216.995846
-61.0,62,217.206809
-63.0,64,217.428839
-61.0,62,217.674244
-61.0,62,217.910776
-62.0,63,218.286201
-61.0,62,218.495979
-62.0,63,218.708253
-62.0,63,218.918344
-63.0,64,219.132796
-62.0,63,219.341221
-61.0,62,219.558647
-62.0,63,219.769753
-61.0,62,220.152349
-62.0,63,220.36296
-63.0,64,220.576869
-62.0,63,220.796633
-62.0,63,221.029562
-61.0,62,221.25605
-61.0,62,221.464461
-61.0,62,221.674252
-61.0,62,222.057476
-62.0,63,222.263266
-61.0,62,222.469511
-62.0,63,222.680782
-61.0,62,222.885742
-61.0,62,223.094682
-61.0,62,223.301506
-62.0,63,223.511764
-62.0,63,223.912017
-62.0,63,224.12543
-62.0,63,224.33531
-83.0,84,224.621253
-63.0,64,224.837783
-63.0,64,225.05089
-62.0,63,225.262516
-61.0,62,225.467502
-61.0,62,225.843913
-62.0,63,226.052645
-62.0,63,226.264984
-63.0,64,226.483938
-62.0,63,226.699534
-62.0,63,226.912322
-62.0,63,227.13034
-61.0,62,227.340594
-62.0,63,227.73126
-61.0,62,227.952839
-62.0,63,228.168849
-61.0,62,228.382921
-62.0,63,228.650039
-62.0,63,228.886889
-62.0,63,229.094307
-62.0,63,229.304879
-62.0,63,229.702437
-62.0,63,229.919585
-61.0,62,230.144948
-63.0,64,230.375119
-61.0,62,230.597644
-62.0,63,230.813121
-61.0,62,231.025302
-61.0,62,231.238815
-62.0,63,231.451324
-62.0,63,231.830992
-62.0,63,232.039321
-61.0,62,232.244064
-61.0,62,232.452183
-61.0,62,232.674751
-61.0,62,232.891231
-62.0,63,233.107751
-62.0,63,233.338563
-61.0,62,233.717592
-63.0,64,233.937023
-63.0,64,234.159883
-62.0,63,234.378163
-61.0,62,234.588861
-61.0,62,234.794146
-61.0,62,235.000981
-61.0,62,235.210854
-63.0,64,235.597718
-62.0,63,235.808574
-61.0,62,236.019538
-62.0,63,236.234215
-62.0,63,236.446473
-62.0,63,236.659473
-61.0,62,236.861942
-62.0,63,237.072555
-61.0,62,237.447677
-61.0,62,237.657131
-62.0,63,237.867298
-61.0,62,238.074704
-61.0,62,238.281817
-62.0,63,238.493049
-61.0,62,238.697922
-61.0,62,238.904347
-62.0,63,239.291426
-61.0,62,239.513146
-62.0,63,239.734469
-64.0,65,239.983046
-62.0,63,240.237345
-61.0,62,240.452337
-63.0,64,240.669496
-62.0,63,240.906465
-61.0,62,241.295205
-62.0,63,241.508515
-61.0,62,241.717534
-62.0,63,241.937294
-63.0,64,242.152508
-62.0,63,242.361579
-61.0,62,242.573359
-62.0,63,242.779067
-62.0,63,242.986637
-63.0,64,243.371499
-61.0,62,243.578676
-61.0,62,243.785776
-63.0,64,243.996161
-70.0,71,244.229325
-61.0,62,244.438934
-62.0,63,244.648994
-61.0,62,244.85185
-93.0,94,245.32908
-61.0,62,245.537666
-61.0,62,245.740962
-62.0,63,245.950266
-62.0,63,246.159799
-62.0,63,246.366593
-61.0,62,246.579588
-63.0,64,246.961806
-63.0,64,247.173892
-63.0,64,247.392823
-61.0,62,247.598139
-61.0,62,247.803857
-62.0,63,248.010285
-61.0,62,248.228432
-62.0,63,248.449367
-61.0,62,248.832867
-63.0,64,249.044207
-62.0,63,249.250598
-63.0,64,249.475804
-62.0,63,249.728305
-63.0,64,249.96715
-62.0,63,250.17274
-61.0,62,250.378821
-61.0,62,250.59297
-63.0,64,250.982749
-61.0,62,251.189511
-62.0,63,251.399004
-61.0,62,251.607952
-63.0,64,251.83409
-61.0,62,252.062708
-61.0,62,252.276857
-62.0,63,252.489732
-62.0,63,252.872294
-61.0,62,253.077589
-61.0,62,253.286452
-63.0,64,253.497492
-62.0,63,253.703062
-62.0,63,253.918762
-62.0,63,254.13464
-61.0,62,254.34945
-62.0,63,254.733347
-61.0,62,254.951289
-62.0,63,255.168335
-62.0,63,255.382784
-63.0,64,255.596624
-61.0,62,255.819782
-62.0,63,256.032748
-61.0,62,256.241276
-62.0,63,256.618752
-61.0,62,256.826787
-62.0,63,257.047139
-62.0,63,257.260111
-62.0,63,257.477483
-61.0,62,257.682615
-61.0,62,257.888921
-62.0,63,258.1003
-61.0,62,258.477058
-62.0,63,258.683911
-61.0,62,258.890738
-62.0,63,259.106381
-61.0,62,259.311753
-61.0,62,259.520172
-62.0,63,259.729178
-62.0,63,259.938937
-62.0,63,260.316684
-85.0,86,260.650563
-62.0,63,260.884973
-61.0,62,261.083901
-62.0,63,261.290759
-62.0,63,261.506474
-62.0,63,261.713001
-62.0,63,261.921727
-62.0,63,262.298885
-61.0,62,262.530299
-63.0,64,262.748968
-61.0,62,262.958138
-63.0,64,263.178886
-61.0,62,263.393825
-63.0,64,263.615881
-62.0,63,263.831048
-61.0,62,264.233395
-61.0,62,264.446313
-62.0,63,264.66604
-63.0,64,264.878146
-62.0,63,265.090756
-61.0,62,265.297624
-61.0,62,265.506521
-61.0,62,265.728142
-63.0,64,266.168711
-61.0,62,266.378249
-63.0,64,266.598499
-62.0,63,266.805799
-62.0,63,267.013247
-60.0,61,267.21841
-62.0,63,267.458997
-61.0,62,267.672901
-61.0,62,267.88467
-62.0,63,268.268559
-61.0,62,268.474684
-62.0,63,268.682595
-61.0,62,268.893996
-62.0,63,269.114917
-61.0,62,269.324724
-62.0,63,269.5392
-63.0,64,269.754693
-61.0,62,270.14004
-63.0,64,270.357045
-63.0,64,270.573085
-61.0,62,270.778431
-63.0,64,271.004627
-63.0,64,271.226313
-61.0,62,271.450561
-63.0,64,271.665072
-62.0,63,272.075546
-61.0,62,272.284208
-61.0,62,272.489221
-61.0,62,272.700861
-61.0,62,272.904758
-62.0,63,273.109929
-61.0,62,273.317881
-61.0,62,273.524625
-62.0,63,273.902155
-62.0,63,274.123649
-61.0,62,274.329746
-62.0,63,274.543185
-61.0,62,274.748415
-61.0,62,274.951551
-62.0,63,275.157369
-61.0,62,275.363429
-61.0,62,275.736207
-61.0,62,275.941525
-61.0,62,276.146763
-114.0,115,276.53099
-62.0,63,276.738562
-62.0,63,276.941693
-62.0,63,277.150696
-61.0,62,277.351129
-61.0,62,277.726649
-62.0,63,277.936586
-61.0,62,278.142201
-63.0,64,278.353873
-61.0,62,278.567336
-61.0,62,278.77916
-63.0,64,279.000645
-62.0,63,279.217975
-62.0,63,279.608282
-61.0,62,279.813334
-62.0,63,280.021773
-61.0,62,280.226576
-61.0,62,280.430889
-62.0,63,280.641973
-63.0,64,280.853917
-61.0,62,281.066699
-64.0,65,281.45558
-61.0,62,281.662912
-61.0,62,281.866889
-62.0,63,282.073067
-61.0,62,282.285349
-62.0,63,282.536894
-62.0,63,282.779592
-61.0,62,283.007421
-62.0,63,283.389713
-61.0,62,283.608956
-61.0,62,283.829252
-61.0,62,284.211118
-62.0,63,284.491552
-62.0,63,284.700769
-70.0,71,284.932133
-61.0,62,285.140473
-62.0,63,285.532557
-61.0,62,285.815358
-61.0,62,286.118673
-61.0,62,286.370526
-62.0,63,286.585276
-61.0,62,286.791306
-62.0,63,287.001188
-62.0,63,287.213434
-61.0,62,287.596825
-61.0,62,287.805206
-61.0,62,288.010511
-63.0,64,288.222665
-62.0,63,288.435721
-62.0,63,288.647914
-61.0,62,288.85078
-62.0,63,289.063267
-63.0,64,289.279072
-61.0,62,289.678185
-62.0,63,289.905904
-61.0,62,290.131823
-62.0,63,290.341115
-62.0,63,290.558341
-61.0,62,290.770772
-61.0,62,290.980226
-63.0,64,291.195332
-62.0,63,291.585238
-61.0,62,291.792832
-61.0,62,291.998417
-69.0,70,292.248152
-63.0,64,292.467352
-61.0,62,292.683105
-61.0,62,292.895189
-62.0,63,293.125191
-83.0,84,293.618759
-62.0,63,293.872968
-61.0,62,294.077724
-61.0,62,294.296246
-62.0,63,294.529588
-62.0,63,294.744231
-61.0,62,294.970902
-62.0,63,295.198321
-112.0,113,295.793266
-61.0,62,296.007256
-63.0,64,296.225137
-63.0,64,296.438151
-61.0,62,296.641594
-61.0,62,296.847809
-61.0,62,297.052198
-62.0,63,297.439237
-61.0,62,297.655662
-61.0,62,297.866057
-61.0,62,298.078098
-62.0,63,298.29512
-62.0,63,298.509278
-62.0,63,298.720773
-62.0,63,298.93245
-62.0,63,299.333304
-92.0,93,299.649842
-61.0,62,299.854301
-61.0,62,300.068638
-62.0,63,300.283062
-62.0,63,300.502857
-61.0,62,300.717113
-61.0,62,300.930065
-61.0,62,301.317388
-62.0,63,301.529963
-62.0,63,301.74552
-63.0,64,301.963264
-63.0,64,302.185339
-62.0,63,302.404768
-62.0,63,302.619664
-63.0,64,302.835573
-62.0,63,303.231065
-62.0,63,303.446588
-62.0,63,303.663105
-63.0,64,303.884892
-61.0,62,304.099514
-61.0,62,304.329355
-61.0,62,304.570923
-61.0,62,304.803748
-62.0,63,305.205475
-62.0,63,305.438359
-62.0,63,305.658948
-62.0,63,305.877093
-61.0,62,306.097632
-62.0,63,306.322599
-62.0,63,306.546647
-61.0,62,306.769267
-62.0,63,307.194109
-61.0,62,307.406097
-62.0,63,307.617834
-60.0,61,307.823775
-63.0,64,308.035061
-61.0,62,308.24514
-61.0,62,308.454182
-62.0,63,308.65726
-61.0,62,308.863569
-63.0,64,309.243173
-61.0,62,309.462443
-63.0,64,309.673986
-62.0,63,309.885939
-62.0,63,310.100387
-61.0,62,310.319515
-62.0,63,310.528421
-61.0,62,310.738022
-61.0,62,311.116897
-62.0,63,311.328072
-63.0,64,311.544296
-61.0,62,311.770446
-61.0,62,311.981762
-62.0,63,312.195984
-62.0,63,312.409443
-62.0,63,312.621158
-62.0,63,313.000189
-61.0,62,313.207009
-61.0,62,313.419682
-63.0,64,313.637842
-61.0,62,313.849386
-62.0,63,314.064454
-62.0,63,314.292672
-62.0,63,314.51308
-61.0,62,314.966892
-61.0,62,315.189933
-61.0,62,315.419162
-72.0,73,315.731633
-61.0,62,315.986813
-61.0,62,316.21136
-63.0,64,316.436842
-62.0,63,316.649942
-62.0,63,317.036755
-61.0,62,317.259113
-62.0,63,317.500633
-61.0,62,317.716008
-62.0,63,317.932781
-61.0,62,318.169295
-61.0,62,318.386889
-61.0,62,318.596779
-62.0,63,318.982655
-62.0,63,319.195552
-62.0,63,319.403693
-62.0,63,319.612932
-62.0,63,319.819311
-62.0,63,320.029546
-63.0,64,320.242842
-63.0,64,320.459755
-62.0,63,320.838358
-62.0,63,321.051909
-62.0,63,321.263007
-63.0,64,321.477002
-62.0,63,321.686587
-62.0,63,321.891831
-62.0,63,322.098834
-61.0,62,322.302167
-62.0,63,322.682053
-61.0,62,322.890255
-61.0,62,323.094079
-63.0,64,323.3063
-61.0,62,323.51638
-63.0,64,323.723174
-61.0,62,323.927464
-61.0,62,324.130799
-61.0,62,324.335846
-62.0,63,324.713052
-62.0,63,324.921123
-61.0,62,325.125583
-62.0,63,325.332497
-63.0,64,325.554356
-61.0,62,325.759409
-61.0,62,325.987623
-62.0,63,326.218871
-62.0,63,326.635362
-61.0,62,326.854065
-61.0,62,327.084486
-113.0,114,327.479265
-61.0,62,327.724133
-62.0,63,327.947299
-62.0,63,328.175691
-63.0,64,328.575615
-61.0,62,328.815485
-60.0,61,329.058227
-62.0,63,329.31993
-62.0,63,329.586005
-61.0,62,329.842831
-61.0,62,330.197232
-61.0,62,330.586174
-61.0,62,331.215057
-61.0,62,331.473168
-63.0,64,331.7174
-61.0,62,331.95346
-63.0,64,332.181834
-62.0,63,332.429976
-62.0,63,332.660738
-61.0,62,332.898298
-62.0,63,333.126448
-61.0,62,333.564538
-61.0,62,333.856946
-60.0,61,334.127346
-62.0,63,334.376582
-62.0,63,334.667371
-61.0,62,334.969805
-61.0,62,335.258929
-62.0,63,335.581201
-61.0,62,336.084111
-61.0,62,336.388778
-63.0,64,336.713329
-62.0,63,337.013736
-62.0,63,337.328261
-61.0,62,337.653324
-62.0,63,337.949621
-61.0,62,338.255925
-61.0,62,338.715769
-61.0,62,338.976101
-62.0,63,339.229588
-62.0,63,339.48805
-61.0,62,339.729775
-62.0,63,340.012046
-62.0,63,340.275981
-61.0,62,340.507197
-63.0,64,340.930713
-63.0,64,341.177333
-61.0,62,341.416278
-63.0,64,341.646942
-62.0,63,341.877718
-61.0,62,342.106702
-61.0,62,342.348307
-63.0,64,342.589879
-62.0,63,342.998333
-70.0,71,343.241371
-61.0,62,343.476785
-62.0,63,343.718249
-69.0,70,343.988519
-70.0,71,344.281934
-70.0,71,344.572551
-61.0,62,344.799202
-60.0,61,345.252057
-69.0,70,345.538807
-62.0,63,345.762933
-62.0,63,346.00828
-70.0,71,346.275931
-61.0,62,346.491117
-61.0,62,346.710099
-61.0,62,346.944846
-60.0,61,347.46453
-61.0,62,347.78811
-61.0,62,348.086929
-70.0,71,348.406217
-61.0,62,348.640805
-61.0,62,348.897988
-61.0,62,349.13805
-70.0,71,349.483101
-62.0,63,349.891506
-61.0,62,350.099943
-90.0,91,350.426663
-61.0,62,350.644013
-70.0,71,350.944676
-61.0,62,351.1665
-61.0,62,351.375125
-70.0,71,351.786364
-62.0,63,351.999486
-62.0,63,352.209784
-60.0,61,352.416061
-61.0,62,352.620139
-62.0,63,352.835506
-70.0,71,353.078487
-61.0,62,353.297152
-61.0,62,353.686855
-61.0,62,353.900031
-63.0,64,354.118488
-62.0,63,354.360665
-61.0,62,354.580239
-62.0,63,354.81993
-61.0,62,355.031086
-61.0,62,355.241594
-62.0,63,355.454624
-61.0,62,355.834531
-61.0,62,356.046263
-62.0,63,356.254756
-61.0,62,356.469748
-62.0,63,356.685214
-62.0,63,356.897157
-62.0,63,357.108179
-62.0,63,357.319927
-61.0,62,357.721778
-70.0,71,357.974005
-61.0,62,358.206841
-61.0,62,358.419106
-61.0,62,358.626098
-62.0,63,358.835752
-61.0,62,359.041465
-62.0,63,359.251564
-61.0,62,359.647151
-61.0,62,359.85219
-61.0,62,360.055118
-61.0,62,360.262479
-61.0,62,360.468657
-61.0,62,360.674737
-61.0,62,360.88096
-70.0,71,361.116873
-61.0,62,361.497568
-61.0,62,361.706204
-61.0,62,361.911755
-61.0,62,362.116953
-60.0,61,362.323036
-61.0,62,362.532489
-62.0,63,362.743448
-61.0,62,362.975616
-61.0,62,363.396146
-62.0,63,363.611706
-61.0,62,363.822047
-62.0,63,364.054832
-62.0,63,364.269959
-61.0,62,364.49416
-61.0,62,364.71332
-61.0,62,364.930778
-61.0,62,365.314342
-61.0,62,365.524765
-62.0,63,365.746402
-61.0,62,365.9496
-98.0,99,366.282201
-61.0,62,366.489552
-71.0,72,366.728478
-61.0,62,366.945244
-61.0,62,367.410219
-62.0,63,367.739506
-61.0,62,367.975983
-62.0,63,368.206551
-61.0,62,368.478453
-83.0,84,368.758305
-61.0,62,368.962024
-61.0,62,369.170751
-61.0,62,369.549489
-62.0,63,369.758785
-62.0,63,369.96838
-61.0,62,370.172018
-61.0,62,370.382071
-62.0,63,370.589907
-61.0,62,370.794554
-62.0,63,370.996985
-60.0,61,371.366728
-62.0,63,371.579255
-61.0,62,371.788698
-61.0,62,372.045542
-61.0,62,372.334817
-61.0,62,372.560131
-61.0,62,372.776728
-61.0,62,373.00043
-62.0,63,373.38467
-234.0,235,374.210621
-61.0,62,374.438737
-61.0,62,374.645571
-61.0,62,374.882707
-61.0,62,375.094157
-61.0,62,375.480221
-61.0,62,375.687007
-72.0,73,375.932795
-62.0,63,376.144642
-61.0,62,376.353476
-61.0,62,376.573714
-61.0,62,376.782735
-61.0,62,376.990681
-62.0,63,377.382011
-61.0,62,377.597488
-61.0,62,377.811553
-61.0,62,378.03003
-62.0,63,378.242679
-61.0,62,378.469113
-61.0,62,378.71849
-61.0,62,378.945176
-62.0,63,379.326428
-61.0,62,379.53519
-61.0,62,379.738292
-62.0,63,379.94744
-61.0,62,380.151736
-62.0,63,380.358911
-61.0,62,380.569931
-62.0,63,380.783596
-62.0,63,381.163014
-61.0,62,381.37502
-61.0,62,381.580566
-61.0,62,381.793033
-62.0,63,382.000714
-60.0,61,382.203668
-61.0,62,382.412656
-61.0,62,382.619796
-61.0,62,382.999533
-61.0,62,383.20675
-61.0,62,383.417784
-61.0,62,383.628804
-61.0,62,383.851441
-62.0,63,384.117018
-85.0,86,384.411213
-61.0,62,384.619369
-61.0,62,385.022433
-61.0,62,385.235677
-61.0,62,385.445615
-61.0,62,385.659506
-61.0,62,385.891384
-62.0,63,386.106416
-62.0,63,386.314734
-61.0,62,386.548295
-61.0,62,386.927234
-61.0,62,387.140683
-61.0,62,387.352496
-62.0,63,387.561606
-62.0,63,387.7699
-68.0,69,387.995311
-62.0,63,388.205158
-61.0,62,388.413297
-61.0,62,388.619675
-61.0,62,388.998234
-62.0,63,389.205419
-61.0,62,389.412922
-62.0,63,389.674316
-62.0,63,389.907734
-62.0,63,390.1156
-63.0,64,390.326863
-61.0,62,390.535164
-61.0,62,390.909509
-62.0,63,391.116935
-61.0,62,391.319956
-63.0,64,391.532785
-62.0,63,391.742166
-61.0,62,391.945821
-62.0,63,392.1533
-62.0,63,392.361496
-62.0,63,392.741501
-63.0,64,392.957463
-61.0,62,393.161451
-62.0,63,393.373266
-61.0,62,393.58335
-61.0,62,393.790872
-61.0,62,393.995301
-63.0,64,394.209269
-63.0,64,394.593572
-62.0,63,394.802952
-62.0,63,395.015413
-61.0,62,395.218643
-63.0,64,395.436861
-60.0,61,395.637961
-62.0,63,395.845186
-63.0,64,396.067509
-62.0,63,396.452056
-63.0,64,396.669677
-61.0,62,396.881856
-61.0,62,397.09326
-61.0,62,397.308166
-62.0,63,397.51968
-60.0,61,397.720538
-61.0,62,397.92457
-62.0,63,398.303394
-61.0,62,398.508702
-61.0,62,398.712959
-62.0,63,398.923172
-62.0,63,399.133522
-61.0,62,399.341576
-60.0,61,399.55502
-62.0,63,399.773304
-60.0,61,399.982279
-61.0,62,400.360792
-62.0,63,400.660159
-61.0,62,400.941704
-63.0,64,401.213853
-62.0,63,401.445642
-61.0,62,401.657708
-61.0,62,401.87172
-61.0,62,402.079212
-61.0,62,402.517793
-61.0,62,402.737655
-62.0,63,402.966037
-61.0,62,403.185962
-63.0,64,403.414309
-61.0,62,403.631074
-61.0,62,403.849691
-61.0,62,404.062173
-62.0,63,404.480217
-61.0,62,404.694044
-61.0,62,404.90919
-63.0,64,405.137707
-61.0,62,405.356798
-60.0,61,405.569232
-63.0,64,405.793364
-61.0,62,406.020874
-60.0,61,406.420012
-62.0,63,406.641234
-61.0,62,406.857341
-62.0,63,407.076454
-61.0,62,407.296682
-61.0,62,407.510795
-62.0,63,407.728135
-62.0,63,407.994226
-61.0,62,408.439434
-61.0,62,408.662817
-61.0,62,408.880138
-62.0,63,409.098917
-62.0,63,409.314535
-61.0,62,409.535947
-62.0,63,409.760958
-61.0,62,409.974174
-61.0,62,410.190757
-61.0,62,410.572096
-61.0,62,410.781876
-83.0,84,411.064982
-61.0,62,411.271368
-61.0,62,411.489449
-62.0,63,411.732169
-61.0,62,411.992444
-61.0,62,412.216156
-61.0,62,412.602948
-61.0,62,412.821976
-61.0,62,413.040167
-61.0,62,413.264619
-61.0,62,413.484884
-62.0,63,413.705723
-62.0,63,413.921237
-63.0,64,414.137794
-62.0,63,414.532852
-61.0,62,414.745258
-62.0,63,414.958635
-61.0,62,415.175812
-61.0,62,415.387119
-62.0,63,415.601339
-61.0,62,415.81154
-60.0,61,416.0199
-61.0,62,416.396553
-62.0,63,416.604267
-62.0,63,416.813701
-61.0,62,417.023314
-76.0,77,417.280712
-62.0,63,417.495419
-61.0,62,417.710547
-63.0,64,417.942109
-62.0,63,418.354166
-62.0,63,418.573839
-61.0,62,418.788098
-63.0,64,419.006321
-62.0,63,419.221617
-62.0,63,419.433278
-62.0,63,419.648546
-61.0,62,419.854236
-61.0,62,420.231851
-62.0,63,420.450132
-62.0,63,420.658024
-62.0,63,420.873876
-62.0,63,421.086141
-74.0,75,421.399414
-62.0,63,421.644066
-63.0,64,421.903268
-61.0,62,422.279791
-61.0,62,422.485619
-61.0,62,422.691933
-61.0,62,422.897521
-62.0,63,423.107219
-60.0,61,423.311533
-61.0,62,423.515653
-60.0,61,423.717534
-61.0,62,424.088013
-62.0,63,424.293818
-64.0,65,424.510341
-61.0,62,424.714855
-61.0,62,424.921522
-62.0,63,425.130079
-61.0,62,425.33571
-61.0,62,425.54285
-63.0,64,425.924353
-62.0,63,426.135609
-62.0,63,426.346269
-61.0,62,426.552439
-62.0,63,426.765105
-61.0,62,426.97365
-62.0,63,427.183729
-61.0,62,427.389363
-61.0,62,427.594568
-60.0,61,427.96428
-61.0,62,428.180754
-62.0,63,428.391452
-63.0,64,428.60489
-61.0,62,428.810495
-62.0,63,429.019213
-63.0,64,429.233607
-61.0,62,429.441364
-61.0,62,429.821919
-62.0,63,430.033107
-61.0,62,430.235102
-61.0,62,430.63383
-61.0,62,431.299509
-61.0,62,431.877996
-62.0,63,432.471258
-61.0,62,432.956142
-61.0,62,433.446605
-61.0,62,433.657052
-61.0,62,433.86665
-61.0,62,434.073527
-63.0,64,434.282142
-61.0,62,434.492035
-61.0,62,434.699095
-107.0,108,435.22807
-62.0,63,435.442673
-61.0,62,435.646795
-61.0,62,435.853378
-64.0,65,436.069501
-62.0,63,436.277065
-61.0,62,436.490324
-61.0,62,436.694545
-61.0,62,436.901588
-63.0,64,437.280544
-61.0,62,437.491432
-61.0,62,437.695494
-61.0,62,437.903025
-62.0,63,438.110941
-62.0,63,438.322795
-61.0,62,438.530061
-62.0,63,438.739654
-61.0,62,439.118705
-60.0,61,439.323415
-61.0,62,439.530667
-61.0,62,439.736881
-61.0,62,439.942239
-62.0,63,440.149235
-61.0,62,440.357376
-61.0,62,440.562762
-61.0,62,440.940239
-61.0,62,441.146778
-61.0,62,441.358491
-61.0,62,441.569113
-62.0,63,441.7781
-62.0,63,441.985511
-63.0,64,442.193641
-62.0,63,442.410932
-61.0,62,442.823071
-61.0,62,443.030759
-65.0,66,443.25358
-62.0,63,443.462191
-61.0,62,443.662182
-61.0,62,443.869168
-63.0,64,444.083458
-61.0,62,444.288584
-61.0,62,444.663166
-78.0,79,444.927295
-63.0,64,445.140024
-61.0,62,445.343647
-63.0,64,445.560541
-61.0,62,445.765759
-62.0,63,445.97533
-61.0,62,446.18272
-61.0,62,446.564386
-62.0,63,446.776585
-63.0,64,446.987807
-61.0,62,447.192993
-61.0,62,447.396064
-62.0,63,447.605461
-61.0,62,447.814166
-61.0,62,448.018761
-61.0,62,448.22185
-61.0,62,448.600373
-61.0,62,448.804444
-63.0,64,449.021284
-61.0,62,449.225666
-61.0,62,449.437385
-62.0,63,449.648965
-61.0,62,449.914291
-62.0,63,450.131677
-61.0,62,450.509279
-61.0,62,450.71845
-61.0,62,450.924306
-61.0,62,451.13063
-61.0,62,451.340785
-63.0,64,451.557016
-61.0,62,451.764045
-63.0,64,451.972696
-61.0,62,452.349569
-61.0,62,452.551277
-61.0,62,452.753349
-61.0,62,452.956331
-61.0,62,453.163975
-61.0,62,453.373523
-61.0,62,453.625422
-83.0,84,453.940411
-61.0,62,454.31732
-61.0,62,454.525726
-61.0,62,454.734848
-61.0,62,454.938647
-61.0,62,455.145474
-61.0,62,455.352784
-61.0,62,455.560876
-62.0,63,455.77263
-61.0,62,456.147301
-61.0,62,456.352456
-61.0,62,456.568945
-75.0,76,456.829205
-90.0,91,457.129262
-61.0,62,457.340502
-60.0,61,457.543723
-61.0,62,457.747736
-63.0,64,458.12725
-61.0,62,458.329788
-61.0,62,458.540512
-62.0,63,458.75706
-61.0,62,458.960489
-62.0,63,459.173069
-61.0,62,459.377293
-61.0,62,459.589744
-61.0,62,459.9646
-62.0,63,460.172307
-61.0,62,460.379567
-62.0,63,460.603331
-61.0,62,460.808077
-61.0,62,461.012942
-61.0,62,461.219309
-61.0,62,461.430642
-61.0,62,461.810249
-62.0,63,462.019823
-62.0,63,462.22916
-61.0,62,462.43989
-62.0,63,462.652801
-61.0,62,462.859632
-61.0,62,463.072261
-61.0,62,463.276655
-62.0,63,463.658348
-62.0,63,463.893781
-89.0,90,464.19471
-61.0,62,464.406074
-61.0,62,464.651728
-61.0,62,464.880681
-61.0,62,465.11264
-61.0,62,465.319803
-61.0,62,465.696613
-61.0,62,465.904082
-61.0,62,466.107559
-61.0,62,466.312386
-61.0,62,466.516881
-61.0,62,466.722554
-62.0,63,466.929986
-61.0,62,467.136819
-61.0,62,467.524812
-61.0,62,467.727103
-61.0,62,467.933268
-61.0,62,468.148839
-62.0,63,468.36667
-63.0,64,468.595761
-61.0,62,468.806996
-62.0,63,469.043179
-61.0,62,469.44123
-61.0,62,469.657998
-62.0,63,469.871475
-61.0,62,470.084189
-61.0,62,470.318437
-61.0,62,470.612412
-62.0,63,470.852048
-61.0,62,471.121121
-61.0,62,471.384962
-61.0,62,471.773815
-61.0,62,471.993532
-61.0,62,472.215311
-61.0,62,472.450396
-62.0,63,472.679288
-62.0,63,472.906393
-61.0,62,473.122518
-62.0,63,473.369203
-61.0,62,473.756583
-62.0,63,473.976677
-61.0,62,474.189898
-61.0,62,474.409436
-61.0,62,474.634153
-66.0,67,474.872661
-61.0,62,475.080052
-61.0,62,475.319171
-61.0,62,475.776896
-62.0,63,476.00865
-61.0,62,476.21879
-61.0,62,476.454152
-61.0,62,476.666352
-78.0,79,476.965443
-62.0,63,477.22138
-62.0,63,477.460183
-62.0,63,477.854779
-61.0,62,478.067612
-61.0,62,478.337484
-61.0,62,478.618806
-62.0,63,478.849856
-62.0,63,479.067124
-62.0,63,479.279984
-61.0,62,479.490778
-61.0,62,479.865175
-61.0,62,480.074199
-62.0,63,480.285507
-62.0,63,480.500086
-63.0,64,480.793555
-61.0,62,481.0215
-61.0,62,481.255768
-62.0,63,481.565037
-65.0,66,482.009941
-61.0,62,482.235827
-62.0,63,482.486582
-62.0,63,482.716776
-62.0,63,482.95181
-61.0,62,483.185679
-61.0,62,483.393832
-61.0,62,483.610926
-61.0,62,483.825747
-61.0,62,484.246943
-62.0,63,484.480156
-63.0,64,484.701148
-61.0,62,484.906132
-61.0,62,485.109996
-61.0,62,485.315875
-61.0,62,485.522026
-61.0,62,485.725676
-61.0,62,486.122045
-62.0,63,486.352484
-61.0,62,486.604155
-61.0,62,486.844171
-61.0,62,487.064815
-62.0,63,487.311026
-61.0,62,487.531518
-61.0,62,487.756193
-63.0,64,488.179201
-62.0,63,488.402713
-62.0,63,488.631227
-61.0,62,488.85577
-61.0,62,489.093432
-62.0,63,489.317473
-61.0,62,489.532857
-61.0,62,489.776346
-61.0,62,490.206662
-61.0,62,490.461458
-62.0,63,490.701581
-61.0,62,490.971356
-61.0,62,491.21534
-61.0,62,491.46002
-62.0,63,491.749876
-61.0,62,492.008224
-62.0,63,492.418208
-61.0,62,492.635369
-61.0,62,492.874539
-62.0,63,493.12272
-62.0,63,493.391379
-61.0,62,493.660686
-61.0,62,493.888874
-61.0,62,494.161864
-61.0,62,494.418479
-61.0,62,494.795465
-63.0,64,495.005983
-61.0,62,495.250709
-62.0,63,495.516432
-61.0,62,495.741489
-61.0,62,496.009607
-60.0,61,496.285789
-61.0,62,496.521306
-61.0,62,496.920458
-61.0,62,497.134124
-62.0,63,497.35101
-61.0,62,497.606255
-61.0,62,497.854916
-61.0,62,498.081487
-61.0,62,498.294932
-61.0,62,498.517245
-62.0,63,498.947628
-61.0,62,499.174076
-61.0,62,499.406003
-85.0,86,499.702762
-107.0,108,500.092551
-61.0,62,500.318818
-62.0,63,500.531379
-62.0,63,500.927519
-63.0,64,501.143053
-62.0,63,501.381395
-62.0,63,501.622146
-61.0,62,501.850497
-62.0,63,502.0772
-61.0,62,502.294271
-61.0,62,502.523959
-61.0,62,502.910879
-61.0,62,503.140936
-61.0,62,503.378872
-61.0,62,503.656634
-69.0,70,503.890307
-61.0,62,504.13405
-61.0,62,504.368831
-61.0,62,504.596429
-61.0,62,504.992068
-62.0,63,505.209906
-61.0,62,505.45901
-61.0,62,505.690715
-61.0,62,505.926177
-61.0,62,506.152597
-60.0,61,506.376835
-61.0,62,506.603162
-61.0,62,506.82653
-62.0,63,507.228424
-62.0,63,507.464368
-61.0,62,507.69049
-61.0,62,507.917197
-61.0,62,508.146875
-61.0,62,508.374239
-61.0,62,508.63939
-61.0,62,508.90499
-71.0,72,509.368061
-61.0,62,509.595781
-62.0,63,509.842334
-61.0,62,510.069759
-61.0,62,510.284744
-62.0,63,510.51528
-61.0,62,510.844451
-61.0,62,511.096517
-61.0,62,511.514425
-61.0,62,511.743673
-61.0,62,511.971776
-61.0,62,512.205968
-63.0,64,512.427386
-62.0,63,512.680896
-61.0,62,512.925984
-61.0,62,513.145744
-61.0,62,513.546599
-61.0,62,513.764325
-62.0,63,513.973038
-61.0,62,514.182376
-61.0,62,514.390179
-62.0,63,514.606687
-61.0,62,514.821284
-61.0,62,515.032742
-61.0,62,515.416859
-61.0,62,515.631455
-61.0,62,515.837877
-62.0,63,516.048243
-61.0,62,516.264802
-62.0,63,516.485403
-61.0,62,516.701645
-61.0,62,516.911458
-62.0,63,517.12557
-61.0,62,517.51455
-61.0,62,517.73328
-61.0,62,517.944976
-61.0,62,518.151792
-61.0,62,518.359316
-61.0,62,518.582478
-61.0,62,518.807034
-61.0,62,519.035488
-61.0,62,519.445392
-61.0,62,519.686164
-61.0,62,519.949835
-61.0,62,520.196228
-62.0,63,520.440545
-61.0,62,520.678506
-62.0,63,520.93555
-62.0,63,521.23373
-61.0,62,521.67661
-61.0,62,521.898524
-60.0,61,522.113245
-62.0,63,522.333672
-62.0,63,522.549969
-60.0,61,522.752072
-61.0,62,522.954522
-62.0,63,523.164649
-61.0,62,523.545846
-61.0,62,523.752209
-61.0,62,523.960447
-62.0,63,524.20001
-61.0,62,524.432312
-62.0,63,524.653613
-84.0,85,524.957313
-62.0,63,525.191735
-63.0,64,525.620097
-61.0,62,525.854487
-61.0,62,526.093232
-61.0,62,526.375281
-61.0,62,526.604034
-62.0,63,526.818203
-63.0,64,527.02973
-61.0,62,527.309965
-61.0,62,527.715564
-63.0,64,527.940888
-61.0,62,528.18624
-61.0,62,528.40619
-61.0,62,528.690009
-62.0,63,528.964006
-62.0,63,529.192523
-61.0,62,529.430789
-63.0,64,529.879735
-62.0,63,530.106154
-61.0,62,530.321077
-61.0,62,530.758433
-62.0,63,531.028624
-61.0,62,531.372801
-61.0,62,531.635989
-62.0,63,531.848431
-62.0,63,532.089951
-61.0,62,532.472728
-62.0,63,532.687027
-61.0,62,532.933268
-62.0,63,533.169843
-61.0,62,533.386656
-62.0,63,533.605688
-61.0,62,533.820022
-62.0,63,534.039978
-61.0,62,534.434089
-61.0,62,534.642453
-62.0,63,534.854183
-61.0,62,535.06356
-61.0,62,535.271657
-61.0,62,535.477777
-61.0,62,535.683024
-61.0,62,535.89076
-61.0,62,536.272542
-60.0,61,536.483654
-61.0,62,536.690044
-61.0,62,536.90126
-61.0,62,537.110856
-61.0,62,537.318889
-62.0,63,537.532688
-62.0,63,537.739843
-61.0,62,538.121243
-61.0,62,538.329936
-61.0,62,538.542272
-61.0,62,538.746337
-62.0,63,538.954569
-61.0,62,539.162818
-61.0,62,539.370774
-61.0,62,539.615741
-61.0,62,539.821666
-62.0,63,540.240962
-61.0,62,540.482988
-61.0,62,540.734975
-61.0,62,541.016387
-61.0,62,541.231418
-61.0,62,541.445311
-61.0,62,541.658249
-61.0,62,541.870106
-61.0,62,542.251552
-61.0,62,542.459703
-61.0,62,542.668883
-61.0,62,542.877025
-61.0,62,543.088427
-60.0,61,543.314736
-61.0,62,543.531842
-62.0,63,543.74598
-61.0,62,544.132148
-61.0,62,544.342382
-62.0,63,544.552617
-63.0,64,544.764902
-61.0,62,544.966621
-61.0,62,545.167812
-61.0,62,545.379789
-61.0,62,545.584606
-62.0,63,545.961394
-61.0,62,546.166732
-62.0,63,546.372032
-61.0,62,546.578006
-61.0,62,546.781815
-61.0,62,546.988279
-62.0,63,547.196362
-61.0,62,547.405162
-61.0,62,547.609209
-61.0,62,547.983975
-61.0,62,548.195581
-62.0,63,548.412648
-61.0,62,548.617358
-61.0,62,548.823786
-61.0,62,549.0273
-61.0,62,549.234234
-61.0,62,549.438627
-62.0,63,549.82155
-61.0,62,550.030079
-61.0,62,550.231985
-63.0,64,550.449002
-61.0,62,550.654043
-62.0,63,550.859488
-62.0,63,551.066723
-61.0,62,551.274624
-62.0,63,551.717783
-62.0,63,551.954461
-61.0,62,552.172595
-61.0,62,552.385071
-61.0,62,552.611509
-61.0,62,552.845437
-61.0,62,553.052672
-62.0,63,553.260287
-62.0,63,553.640344
-61.0,62,553.854656
-61.0,62,554.073583
-61.0,62,554.278347
-62.0,63,554.568892
-63.0,64,554.7985
-61.0,62,555.006875
-61.0,62,555.209835
-61.0,62,555.591996
-61.0,62,555.796579
-62.0,63,556.005544
-62.0,63,556.257949
-61.0,62,556.49474
-61.0,62,556.707488
-62.0,63,556.922703
-61.0,62,557.134201
-61.0,62,557.343428
-61.0,62,557.73073
-61.0,62,557.94073
-60.0,61,558.159502
-61.0,62,558.392814
-62.0,63,558.611216
-61.0,62,558.820387
-61.0,62,559.03192
-62.0,63,559.250564
-62.0,63,559.641325
-61.0,62,559.848328
-62.0,63,560.055991
-61.0,62,560.264278
-61.0,62,560.472738
-61.0,62,560.676666
-61.0,62,560.879016
-61.0,62,561.082771
-60.0,61,561.452671
-61.0,62,561.654338
-61.0,62,561.857939
-62.0,63,562.068885
-61.0,62,562.272193
-61.0,62,562.488346
-61.0,62,562.739726
-61.0,62,562.975682
-63.0,64,563.386511
-61.0,62,563.621861
-62.0,63,563.855221
-61.0,62,564.085532
-61.0,62,564.306629
-61.0,62,564.526678
-61.0,62,564.775684
-63.0,64,565.020578
-61.0,62,565.461004
-61.0,62,565.700444
-61.0,62,565.959452
-62.0,63,566.335299
-61.0,62,566.805179
-61.0,62,567.181194
-60.0,61,567.446123
-61.0,62,567.685025
-62.0,63,567.944539
-61.0,62,568.349854
-61.0,62,568.560789
-62.0,63,568.785634
-61.0,62,568.992747
-61.0,62,569.198446
-61.0,62,569.403176
-61.0,62,569.606046
-75.0,76,569.858481
-62.0,63,570.233537
-61.0,62,570.440167
-61.0,62,570.641258
-61.0,62,570.845615
-61.0,62,571.052294
-61.0,62,571.257521
-61.0,62,571.458858
-61.0,62,571.660714
-62.0,63,572.034377
-61.0,62,572.238635
-61.0,62,572.456151
-61.0,62,572.676453
-61.0,62,572.926243
-61.0,62,573.15096
-61.0,62,573.359028
-62.0,63,573.606488
-61.0,62,574.030233
-61.0,62,574.277483
-61.0,62,574.490777
-61.0,62,574.698534
-61.0,62,574.903273
-61.0,62,575.106725
-61.0,62,575.322577
-61.0,62,575.543416
-60.0,61,575.92418
-61.0,62,576.13043
-63.0,64,576.344791
-62.0,63,576.557461
-61.0,62,576.759658
-61.0,62,576.970658
-61.0,62,577.177582
-61.0,62,577.378081
-61.0,62,577.591044
-61.0,62,577.962951
-61.0,62,578.162908
-61.0,62,578.361725
-60.0,61,578.567709
-63.0,64,578.782556
-61.0,62,578.984313
-62.0,63,579.190805
-61.0,62,579.406645
-61.0,62,579.825848
-61.0,62,580.066171
-61.0,62,580.297908
-61.0,62,580.508848
-61.0,62,580.715688
-61.0,62,580.9231
-61.0,62,581.125983
-61.0,62,581.333899
-61.0,62,581.715752
-61.0,62,581.921936
-61.0,62,582.127778
-61.0,62,582.334329
-61.0,62,582.540377
-62.0,63,582.746925
-62.0,63,582.953576
-61.0,62,583.157331
-61.0,62,583.545703
-61.0,62,583.793368
-62.0,63,583.999624
-61.0,62,584.201985
-61.0,62,584.401491
-61.0,62,584.605903
-61.0,62,584.813176
-60.0,61,585.014117
-61.0,62,585.219135
-61.0,62,585.603222
-61.0,62,585.819858
-61.0,62,586.039723
-61.0,62,586.255319
-61.0,62,586.461169
-61.0,62,586.665886
-62.0,63,586.878355
-61.0,62,587.080027
-61.0,62,587.451099
-61.0,62,587.65993
-61.0,62,587.866088
-61.0,62,588.069032
-62.0,63,588.278741
-61.0,62,588.485755
-61.0,62,588.690949
-61.0,62,588.894567
-61.0,62,589.266353
-63.0,64,589.480301
-60.0,61,589.680605
-61.0,62,589.882196
-61.0,62,590.082807
-61.0,62,590.286659
-61.0,62,590.495785
-62.0,63,590.706249
-62.0,63,591.083064
-61.0,62,591.286348
-60.0,61,591.531585
-61.0,62,591.774749
-61.0,62,592.020263
-61.0,62,592.269007
-60.0,61,592.467091
-61.0,62,592.667368
-61.0,62,592.871888
-61.0,62,593.241259
-61.0,62,593.444075
-61.0,62,593.645943
-61.0,62,593.851993
-61.0,62,594.053645
-62.0,63,594.25621
-61.0,62,594.499451
-62.0,63,594.751848
-61.0,62,595.126459
-61.0,62,595.327489
-61.0,62,595.534127
-62.0,63,595.74153
-61.0,62,595.953703
-61.0,62,596.156462
-61.0,62,596.363525
-61.0,62,596.567419
-61.0,62,596.935028
-61.0,62,597.140235
-61.0,62,597.349412
-61.0,62,597.550973
-61.0,62,597.75395
-63.0,64,597.96821
-61.0,62,598.172742
-62.0,63,598.384858
-62.0,63,598.75944
-61.0,62,598.971094
-61.0,62,599.177644
-61.0,62,599.378688
-61.0,62,599.584036
-60.0,61,599.786964
-61.0,62,599.993335
-61.0,62,600.199181
-60.0,61,600.403774
-61.0,62,600.774134
-61.0,62,600.978828
-61.0,62,601.183094
-61.0,62,601.387671
-61.0,62,601.593985
-62.0,63,601.797772
-61.0,62,602.002131
-61.0,62,602.205494
-61.0,62,602.581239
-62.0,63,602.786169
-62.0,63,602.996235
-64.0,65,603.213311
-62.0,63,603.423882
-61.0,62,603.630677
-61.0,62,603.837109
-61.0,62,604.039627
-61.0,62,604.415684
-62.0,63,604.624709
-61.0,62,604.829924
-60.0,61,605.031393
-61.0,62,605.235301
-60.0,61,605.446915
-70.0,71,605.734388
-61.0,62,605.950599
-62.0,63,606.328764
-61.0,62,606.537932
-61.0,62,606.741069
-61.0,62,606.948826
-61.0,62,607.150763
-62.0,63,607.358679
-61.0,62,608.212412
-60.0,61,608.529136
-61.0,62,608.905643
-61.0,62,609.108227
-61.0,62,609.311185
-61.0,62,609.51568
-61.0,62,609.724797
-62.0,63,609.932877
-61.0,62,610.136672
-62.0,63,610.348057
-62.0,63,610.566163
-60.0,61,610.935271
-61.0,62,611.141674
-61.0,62,611.347325
-61.0,62,611.56315
-61.0,62,611.766056
-60.0,61,611.969241
-62.0,63,612.176605
-61.0,62,612.38222
-60.0,61,612.753501
-61.0,62,612.956076
-61.0,62,613.159052
-61.0,62,613.362654
-61.0,62,613.570294
-61.0,62,613.771868
-61.0,62,613.973318
-61.0,62,614.172378
-60.0,61,614.541396
-61.0,62,614.747134
-60.0,61,614.950395
-61.0,62,615.156019
-61.0,62,615.359927
-61.0,62,615.565428
-61.0,62,615.766292
-61.0,62,615.969198
-61.0,62,616.344662
-61.0,62,616.570346
-60.0,61,616.813818
-61.0,62,617.034976
-61.0,62,617.239357
-61.0,62,617.443849
-60.0,61,617.641401
-61.0,62,617.841635
-61.0,62,618.045806
-61.0,62,618.419343
-62.0,63,618.626694
-61.0,62,618.827313
-61.0,62,619.03014
-61.0,62,619.233093
-61.0,62,619.439091
-61.0,62,619.641209
-61.0,62,619.845668
-61.0,62,620.216632
-61.0,62,620.422002
-61.0,62,620.625771
-61.0,62,620.834083
-61.0,62,621.042789
-62.0,63,621.251125
-61.0,62,621.45585
-61.0,62,621.659794
-60.0,61,622.026218
-61.0,62,622.232469
-61.0,62,622.439075
-59.0,60,622.635265
-61.0,62,622.834847
-61.0,62,623.038777
-61.0,62,623.243415
-62.0,63,623.452046
-62.0,63,623.830469
-61.0,62,624.031605
-61.0,62,624.231767
-61.0,62,624.435278
-61.0,62,624.645762
-61.0,62,624.852396
-60.0,61,625.055213
-61.0,62,625.257926
-62.0,63,625.468117
-62.0,63,625.843094
-61.0,62,626.047105
-61.0,62,626.251669
-62.0,63,626.463941
-61.0,62,626.663842
-62.0,63,626.871431
-61.0,62,627.07781
-61.0,62,627.282515
-60.0,61,627.678596
-61.0,62,627.897507
-63.0,64,628.104988
-63.0,64,628.321356
-61.0,62,628.525275
-61.0,62,628.730364
-61.0,62,628.933109
-60.0,61,629.133437
-61.0,62,629.506475
-61.0,62,629.710017
-71.0,72,629.946362
-61.0,62,630.152642
-61.0,62,630.35717
-61.0,62,630.562685
-61.0,62,630.768705
-61.0,62,630.976053
-61.0,62,631.34894
-61.0,62,631.551389
-61.0,62,631.756618
-62.0,63,631.962248
-61.0,62,632.170218
-63.0,64,632.378284
-61.0,62,632.589407
-61.0,62,632.792006
-61.0,62,633.164486
-61.0,62,633.368721
-61.0,62,633.573603
-60.0,61,633.778034
-61.0,62,633.984645
-61.0,62,634.192326
-61.0,62,634.395546
-61.0,62,634.596875
-61.0,62,634.803692
-61.0,62,635.351571
-61.0,62,636.096309
-61.0,62,636.614734
-62.0,63,636.823841
-61.0,62,637.027608
-61.0,62,637.230977
-60.0,61,637.435989
-61.0,62,637.640927
-61.0,62,638.028711
-62.0,63,638.235623
-61.0,62,638.46155
-60.0,61,638.699224
-61.0,62,638.928672
-63.0,64,639.135912
-61.0,62,639.338841
-61.0,62,639.550346
-61.0,62,639.935459
-62.0,63,640.139736
-61.0,62,640.343963
-61.0,62,640.550496
-61.0,62,640.755977
-61.0,62,640.962053
-60.0,61,641.163674
-60.0,61,641.366908
-61.0,62,641.7408
-61.0,62,641.948815
-62.0,63,642.1573
-61.0,62,642.359541
-62.0,63,642.568119
-61.0,62,642.769889
-62.0,63,642.975121
-61.0,62,643.180365
-61.0,62,643.387109
-61.0,62,643.759393
-61.0,62,643.960956
-60.0,61,644.159281
-61.0,62,644.362497
-61.0,62,644.576635
-61.0,62,644.783754
-61.0,62,644.987627
-61.0,62,645.194361
-61.0,62,645.565581
-61.0,62,645.77059
-62.0,63,645.983117
-61.0,62,646.187884
-62.0,63,646.399497
-62.0,63,646.607046
-60.0,61,646.806064
-61.0,62,647.011078
-61.0,62,647.379022
-60.0,61,647.581594
-63.0,64,647.792585
-107.0,108,648.148162
-61.0,62,648.35078
-61.0,62,648.553394
-61.0,62,648.758081
-61.0,62,648.962914
-61.0,62,649.339707
-61.0,62,649.572248
-61.0,62,649.80978
-61.0,62,650.033046
-60.0,61,650.240703
-61.0,62,650.452184
-61.0,62,650.652773
-60.0,61,650.85477
-62.0,63,651.228582
-61.0,62,651.431166
-60.0,61,651.627373
-61.0,62,651.827486
-61.0,62,652.031482
-62.0,63,652.238986
-96.0,97,652.56214
-61.0,62,652.769222
-61.0,62,653.141502
-61.0,62,653.344148
-62.0,63,653.555382
-61.0,62,653.759271
-61.0,62,653.965312
-61.0,62,654.17043
-83.0,84,654.459188
-61.0,62,654.663088
-95.0,96,655.147241
-60.0,61,655.347784
-61.0,62,655.553646
-61.0,62,655.75516
-61.0,62,655.960056
-61.0,62,656.162074
-60.0,61,656.368042
-61.0,62,656.7394
-62.0,63,656.944333
-61.0,62,657.150394
-61.0,62,657.357728
-61.0,62,657.561407
-61.0,62,657.765257
-61.0,62,657.970219
-61.0,62,658.17345
-61.0,62,658.376552
-61.0,62,658.748597
-61.0,62,658.955896
-61.0,62,659.159338
-61.0,62,659.364516
-61.0,62,659.56917
-61.0,62,659.773368
-61.0,62,659.981122
-61.0,62,660.189959
-61.0,62,660.603066
-60.0,61,660.823311
-61.0,62,661.044214
-61.0,62,661.245364
-61.0,62,661.452615
-61.0,62,661.655699
-60.0,61,661.856405
-61.0,62,662.058611
-61.0,62,662.426449
-61.0,62,662.635105
-61.0,62,662.83846
-60.0,61,663.043054
-61.0,62,663.246621
-61.0,62,663.461572
-60.0,61,663.659987
-61.0,62,663.8684
-62.0,63,664.247278
-61.0,62,664.457127
-61.0,62,664.663992
-61.0,62,664.862945
-61.0,62,665.064245
-61.0,62,665.269717
-60.0,61,665.469973
-62.0,63,665.678814
-61.0,62,665.885455
-60.0,61,666.252833
-60.0,61,666.455976
-60.0,61,666.656891
-61.0,62,666.86173
-61.0,62,667.066639
-61.0,62,667.269737
-61.0,62,667.477655
-61.0,62,667.680341
-61.0,62,668.050538
-61.0,62,668.256547
-61.0,62,668.458494
-61.0,62,668.660222
-61.0,62,668.865874
-61.0,62,669.067399
-61.0,62,669.272886
-62.0,63,669.477283
-61.0,62,669.844804
-61.0,62,670.04909
-61.0,62,670.255503
-60.0,61,670.462794
-60.0,61,670.668988
-60.0,61,670.873526
-61.0,62,671.079125
-61.0,62,671.286083
-60.0,61,671.698881
-61.0,62,671.906214
-61.0,62,672.112097
-61.0,62,672.318196
-61.0,62,672.857127
-61.0,62,673.584929
-61.0,62,674.132617
-61.0,62,674.532151
-61.0,62,674.734153
-61.0,62,675.103995
-61.0,62,675.30547
-61.0,62,675.509613
-60.0,61,675.709075
-61.0,62,675.914546
-61.0,62,676.12016
-61.0,62,676.327267
-61.0,62,676.53483
-61.0,62,676.902987
-61.0,62,677.109466
-61.0,62,677.308833
-61.0,62,677.519054
-61.0,62,677.723601
-61.0,62,677.925909
-60.0,61,678.126656
-61.0,62,678.329239
-60.0,61,678.700178
-61.0,62,678.91005
-61.0,62,679.113147
-61.0,62,679.321321
-61.0,62,679.531237
-61.0,62,679.736593
-63.0,64,679.951401
-61.0,62,680.158061
-60.0,61,680.358554
-91.0,92,680.834697
-60.0,61,681.039266
-62.0,63,681.249973
-61.0,62,681.454586
-61.0,62,681.658935
-60.0,61,681.857776
-62.0,63,682.062771
-60.0,61,682.440548
-60.0,61,682.685562
-62.0,63,682.920573
-60.0,61,683.125062
-61.0,62,683.329931
-63.0,64,683.541537
-61.0,62,683.74696
-61.0,62,683.947756
-61.0,62,684.151924
-61.0,62,684.531117
-62.0,63,684.743436
-60.0,61,684.945676
-61.0,62,685.152838
-61.0,62,685.358193
-62.0,63,685.568285
-61.0,62,685.774619
-61.0,62,685.978291
-61.0,62,686.366591
-61.0,62,686.577043
-60.0,61,686.784668
-61.0,62,686.99017
-62.0,63,687.200701
-60.0,61,687.404438
-60.0,61,687.603719
-61.0,62,687.80373
-61.0,62,688.175281
-61.0,62,688.376395
-61.0,62,688.58069
-61.0,62,688.786737
-61.0,62,688.990273
-61.0,62,689.193095
-60.0,61,689.401382
-60.0,61,689.603818
-61.0,62,689.973912
-61.0,62,690.176634
-61.0,62,690.377919
-62.0,63,690.585764
-61.0,62,690.792728
-61.0,62,691.000021
-62.0,63,691.208764
-61.0,62,691.414197
-60.0,61,691.612681
-95.0,96,692.089937
-61.0,62,692.293639
-61.0,62,692.502419
-60.0,61,692.696394
-61.0,62,692.899962
-61.0,62,693.103798
-76.0,77,693.356016
-61.0,62,693.772856
-61.0,62,693.988506
-61.0,62,694.190448
-61.0,62,694.40073
-61.0,62,694.6037
-61.0,62,694.80991
-61.0,62,695.015422
-60.0,61,695.217365
-62.0,63,695.596148
-61.0,62,695.797945
-61.0,62,695.999075
-61.0,62,696.203965
-61.0,62,696.409242
-61.0,62,696.615151
-61.0,62,696.822587
-61.0,62,697.02449
-61.0,62,697.227804
-61.0,62,697.599096
-60.0,61,697.798638
-60.0,61,697.99974
-60.0,61,698.202192
-62.0,63,698.416456
-61.0,62,698.626632
-62.0,63,698.835255
-61.0,62,699.04502
-61.0,62,699.421168
-61.0,62,699.626533
-61.0,62,699.829058
-61.0,62,700.036488
-62.0,63,700.244079
-61.0,62,700.464214
-61.0,62,700.67283
-60.0,61,700.873827
-60.0,61,701.240749
-61.0,62,701.447149
-61.0,62,701.655183
-59.0,60,701.852347
-60.0,61,702.056713
-60.0,61,702.259174
-61.0,62,702.462613
-61.0,62,702.666909
-60.0,61,702.869042
-60.0,61,703.244529
-60.0,61,703.447429
-71.0,72,703.684249
-61.0,62,703.888431
-61.0,62,704.085425
-72.0,73,704.328772
-71.0,72,704.607214
-61.0,62,705.053454
-61.0,62,705.336085
-61.0,62,705.620731
-62.0,63,705.906514
-60.0,61,706.187911
-61.0,62,706.475212
-61.0,62,706.762843
-61.0,62,707.039825
-61.0,62,707.320582
-61.0,62,707.750899
-61.0,62,707.954193
-63.0,64,708.163272
-61.0,62,708.371999
-61.0,62,708.577317
-61.0,62,708.778101
-61.0,62,708.975028
-61.0,62,709.176011
-61.0,62,709.552368
-61.0,62,709.759954
-60.0,61,709.961013
-60.0,61,710.161829
-60.0,61,710.365209
-61.0,62,710.575868
-61.0,62,710.78272
-63.0,64,710.99518
-60.0,61,711.363485
-61.0,62,711.570663
-60.0,61,711.771897
-60.0,61,711.97455
-61.0,62,712.177587
-61.0,62,712.385997
-60.0,61,712.586372
-61.0,62,712.790681
-60.0,61,713.162231
-61.0,62,713.367292
-61.0,62,713.575592
-61.0,62,713.777836
-61.0,62,713.983072
-61.0,62,714.192187
-61.0,62,714.406141
-60.0,61,714.606736
-60.0,61,714.805015
-61.0,62,715.176776
-60.0,61,715.379508
-60.0,61,715.613586
-61.0,62,715.844358
-61.0,62,716.067261
-61.0,62,716.273171
-61.0,62,716.476777
-61.0,62,716.680707
-62.0,63,717.059267
-61.0,62,717.264513
-60.0,61,717.470614
-61.0,62,717.67938
-62.0,63,717.885283
-61.0,62,718.094467
-61.0,62,718.304864
-62.0,63,718.515059
-61.0,62,718.890278
-61.0,62,719.094319
-61.0,62,719.301427
-61.0,62,719.505096
-62.0,63,719.715077
-61.0,62,719.922245
-61.0,62,720.12764
-61.0,62,720.333669
-61.0,62,720.704406
-60.0,61,720.902847
-60.0,61,721.109224
-61.0,62,721.317414
-61.0,62,721.524028
-61.0,62,721.73248
-61.0,62,721.937884
-59.0,60,722.13866
-60.0,61,722.339299
-60.0,61,722.709348
-61.0,62,722.914848
-61.0,62,723.120317
-60.0,61,723.31988
-61.0,62,723.522844
-60.0,61,723.723704
-61.0,62,723.925458
-61.0,62,724.132478
-61.0,62,724.505658
-60.0,61,724.704468
-61.0,62,724.9083
-60.0,61,725.112594
-61.0,62,725.31412
-62.0,63,725.526835
-61.0,62,725.733143
-61.0,62,725.93846
-61.0,62,726.309645
-60.0,61,726.544377
-60.0,61,726.79639
-61.0,62,727.003479
-60.0,61,727.20476
-61.0,62,727.410948
-61.0,62,727.615156
-61.0,62,727.818555
-61.0,62,728.020719
-61.0,62,728.399068
-61.0,62,728.605952
-61.0,62,728.813629
-61.0,62,729.020477
-61.0,62,729.22126
-61.0,62,729.429979
-61.0,62,729.636734
-60.0,61,729.836532
-59.0,60,730.200614
-60.0,61,730.406191
-61.0,62,730.609893
-84.0,85,730.892631
-60.0,61,731.095925
-90.0,91,731.397558
-60.0,61,731.595676
-60.0,61,731.974785
-61.0,62,732.180205
-62.0,63,732.398733
-62.0,63,732.605518
-61.0,62,732.806827
-61.0,62,733.011508
-61.0,62,733.213827
-61.0,62,733.417732
-62.0,63,733.621768
-61.0,62,733.99716
-61.0,62,734.202597
-61.0,62,734.40857
-62.0,63,734.61614
-61.0,62,734.81983
-60.0,61,735.02507
-61.0,62,735.233274
-61.0,62,735.437299
-62.0,63,735.811066
-62.0,63,736.016468
-60.0,61,736.219002
-61.0,62,736.429527
-61.0,62,736.63502
-61.0,62,736.838972
-61.0,62,737.043772
-61.0,62,737.245223
-60.0,61,737.623091
-61.0,62,737.868541
-60.0,61,738.083027
-61.0,62,738.285587
-61.0,62,738.492286
-61.0,62,738.696592
-61.0,62,738.903456
-61.0,62,739.107765
-61.0,62,739.48506
-60.0,61,739.689939
-60.0,61,739.891323
-60.0,61,740.089159
-62.0,63,740.297962
-61.0,62,740.506786
-61.0,62,740.714486
-61.0,62,740.922417
-62.0,63,741.129785
-61.0,62,741.502734
-62.0,63,741.71177
-62.0,63,741.918277
-59.0,60,742.116177
-61.0,62,742.324862
-61.0,62,742.527831
-61.0,62,742.731721
-60.0,61,742.934176
-63.0,64,743.311475
-61.0,62,743.515555
-61.0,62,743.723717
-60.0,61,743.922127
-60.0,61,744.121533
-61.0,62,744.326184
-60.0,61,744.529935
-61.0,62,744.734264
-61.0,62,745.10701
-61.0,62,745.309763
-61.0,62,745.517373
-61.0,62,745.721121
-61.0,62,745.92878
-61.0,62,746.134944
-61.0,62,746.33754
-61.0,62,746.545998
-62.0,63,746.753246
-61.0,62,747.118864
-61.0,62,747.322109
-61.0,62,747.52681
-62.0,63,747.737488
-61.0,62,747.944199
-60.0,61,748.147726
-60.0,61,748.351232
-61.0,62,748.581224
-61.0,62,748.974686
-61.0,62,749.180599
-61.0,62,749.385215
-61.0,62,749.59157
-61.0,62,749.791516
-61.0,62,749.996659
-60.0,61,750.197707
-60.0,61,750.404193
-60.0,61,750.768436
-60.0,61,750.972064
-61.0,62,751.177875
-60.0,61,751.376856
-61.0,62,751.588074
-60.0,61,751.788135
-61.0,62,751.995324
-61.0,62,752.196949
-60.0,61,752.568013
-63.0,64,752.780711
-85.0,86,753.068695
-60.0,61,753.274089
-60.0,61,753.473387
-60.0,61,753.670728
-60.0,61,753.871778
-60.0,61,754.070319
-62.0,63,754.449264
-61.0,62,754.651441
-61.0,62,754.859044
-60.0,61,755.061832
-61.0,62,755.267285
-60.0,61,755.468484
-61.0,62,755.668947
-62.0,63,755.873239
-60.0,61,756.07429
-59.0,60,756.440633
-60.0,61,756.640191
-61.0,62,756.842127
-61.0,62,757.046235
-61.0,62,757.251982
-61.0,62,757.467375
-61.0,62,757.674601
-61.0,62,757.877317
-60.0,61,758.24485
-60.0,61,758.452504
-61.0,62,758.6584
-60.0,61,758.862661
-61.0,62,759.066485
-61.0,62,759.264965
-60.0,61,759.481403
-61.0,62,759.71149
-61.0,62,760.107525
-61.0,62,760.310528
-60.0,61,760.515819
-61.0,62,760.721236
-60.0,61,760.921208
-60.0,61,761.126725
-62.0,63,761.338331
-83.0,84,761.619084
-61.0,62,761.991222
-60.0,61,762.195215
-61.0,62,762.396188
-61.0,62,762.600847
-61.0,62,762.805814
-60.0,61,763.004872
-61.0,62,763.209564
-60.0,61,763.41265
-60.0,61,763.613985
-61.0,62,763.989179
-61.0,62,764.192369
-61.0,62,764.400776
-61.0,62,764.60582
-61.0,62,764.807241
-62.0,63,765.017879
-61.0,62,765.222137
-61.0,62,765.426416
-60.0,61,765.791342
-60.0,61,765.997556
-61.0,62,766.205498
-60.0,61,766.413162
-61.0,62,766.620002
-60.0,61,766.822518
-62.0,63,767.03417
-63.0,64,767.242773
-61.0,62,767.613005
-61.0,62,767.817545
-62.0,63,768.026831
-61.0,62,768.230779
-61.0,62,768.432124
-60.0,61,768.632023
-61.0,62,768.834905
-60.0,61,769.036934
-62.0,63,769.42284
-61.0,62,769.674077
-60.0,61,769.906584
-61.0,62,770.110606
-60.0,61,770.310817
-63.0,64,770.523142
-61.0,62,770.729046
-61.0,62,770.933931
-61.0,62,771.141326
-61.0,62,771.519217
-61.0,62,771.718757
-61.0,62,771.920877
-60.0,61,772.120518
-61.0,62,772.320499
-60.0,61,772.519022
-62.0,63,772.72739
-61.0,62,772.936605
-60.0,61,773.301995
-60.0,61,773.501048
-62.0,63,773.705477
-61.0,62,773.913664
-61.0,62,774.120809
-86.0,87,774.421558
-60.0,61,774.621679
-61.0,62,774.827588
-62.0,63,775.205284
-61.0,62,775.409443
-60.0,61,775.611417
-61.0,62,775.81685
-60.0,61,776.014482
-61.0,62,776.221304
-60.0,61,776.421891
-61.0,62,776.632032
-62.0,63,777.008176
-61.0,62,777.215447
-60.0,61,777.416519
-61.0,62,777.621057
-61.0,62,777.825399
-60.0,61,778.027894
-60.0,61,778.229484
-60.0,61,778.428583
-61.0,62,778.801573
-60.0,61,779.004933
-61.0,62,779.21322
-61.0,62,779.41753
-60.0,61,779.625935
-60.0,61,779.8303
-60.0,61,780.02863
-61.0,62,780.233296
-60.0,61,780.450389
-61.0,62,780.853943
-60.0,61,781.054122
-61.0,62,781.263433
-61.0,62,781.46871
-63.0,64,781.678165
-59.0,60,781.878061
-60.0,61,782.077168
-61.0,62,782.278004
-61.0,62,782.651905
-61.0,62,782.857385
-61.0,62,783.060196
-61.0,62,783.262168
-60.0,61,783.467645
-60.0,61,783.672739
-61.0,62,783.880303
-61.0,62,784.082691
-61.0,62,784.453537
-60.0,61,784.654294
-61.0,62,784.858168
-61.0,62,785.061914
-61.0,62,785.266294
-62.0,63,785.470972
-61.0,62,785.674269
-61.0,62,785.881418
-75.0,76,786.29979
-61.0,62,786.507927
-62.0,63,786.714564
-60.0,61,786.914282
-61.0,62,787.118305
-61.0,62,787.322769
-61.0,62,787.527312
-61.0,62,787.730612
-61.0,62,787.937531
-61.0,62,788.315181
-61.0,62,788.523382
-62.0,63,788.730541
-60.0,61,788.933378
-61.0,62,789.140623
-62.0,63,789.34788
-60.0,61,789.551958
-60.0,61,789.754284
-61.0,62,790.124036
-61.0,62,790.327185
-60.0,61,790.537642
-62.0,63,790.7501
-61.0,62,790.954788
-61.0,62,791.158695
-61.0,62,791.360779
-60.0,61,791.605346
-60.0,61,792.033975
-60.0,61,792.270722
-60.0,61,792.50766
-61.0,62,792.746504
-61.0,62,792.9836
-61.0,62,793.221794
-61.0,62,793.464958
-61.0,62,793.699721
-60.0,61,794.111203
-60.0,61,794.309716
-60.0,61,794.510102
-62.0,63,794.713882
-61.0,62,794.914623
-60.0,61,795.111991
-60.0,61,795.307754
-61.0,62,795.511032
-62.0,63,795.718759
-60.0,61,796.086365
-61.0,62,796.291896
-60.0,61,796.491364
-61.0,62,796.694326
-61.0,62,796.89739
-61.0,62,797.101474
-61.0,62,797.306165
-61.0,62,797.513654
-61.0,62,797.883732
-61.0,62,798.090031
-60.0,61,798.291646
-61.0,62,798.50351
-61.0,62,798.709421
-61.0,62,798.913706
-60.0,61,799.11903
-62.0,63,799.328353
-62.0,63,799.702651
-61.0,62,799.907347
-61.0,62,800.107821
-61.0,62,800.312393
-61.0,62,800.514762
-61.0,62,800.721583
-61.0,62,800.925929
-61.0,62,801.131756
-61.0,62,801.506496
-60.0,61,801.709411
-60.0,61,801.909712
-60.0,61,802.109094
-65.0,66,802.326003
-61.0,62,802.578688
-61.0,62,802.815592
-60.0,61,803.016321
-61.0,62,803.218885
-61.0,62,803.586452
-60.0,61,803.790991
-60.0,61,803.990748
-61.0,62,804.193888
-61.0,62,804.397902
-61.0,62,804.600743
-61.0,62,804.80455
-61.0,62,805.011196
-60.0,61,805.381772
-61.0,62,805.582025
-62.0,63,805.786054
-59.0,60,805.985703
-61.0,62,806.192366
-61.0,62,806.3983
-62.0,63,806.606627
-61.0,62,806.809911
-63.0,64,807.190723
-61.0,62,807.393659
-61.0,62,807.596223
-62.0,63,807.805543
-61.0,62,808.007817
-63.0,64,808.21769
-62.0,63,808.432873
-60.0,61,808.638196
-61.0,62,809.011039
-60.0,61,809.213789
-60.0,61,809.421228
-60.0,61,809.621376
-61.0,62,809.822658
-60.0,61,810.021156
-61.0,62,810.22578
-60.0,61,810.426225
-60.0,61,810.627765
-61.0,62,810.99602
-60.0,61,811.196649
-61.0,62,811.403533
-61.0,62,811.606279
-61.0,62,811.811437
-61.0,62,812.013185
-61.0,62,812.218794
-61.0,62,812.425569
-60.0,61,812.795811
-60.0,61,812.992585
-62.0,63,813.201339
-61.0,62,813.417256
-61.0,62,813.667187
-61.0,62,813.897176
-61.0,62,814.100679
-59.0,60,814.298518
-60.0,61,814.670911
-59.0,60,814.865949
-60.0,61,815.064291
-61.0,62,815.266952
-61.0,62,815.477529
-61.0,62,815.683804
-61.0,62,815.888055
-60.0,61,816.090011
-61.0,62,816.295093
-61.0,62,816.670049
-62.0,63,816.8838
-62.0,63,817.09628
-61.0,62,817.299192
-61.0,62,817.505779
-61.0,62,817.709924
-61.0,62,817.919021
-61.0,62,818.121289
-60.0,61,818.490839
-59.0,60,818.690803
-60.0,61,818.894685
-61.0,62,819.102266
-60.0,61,819.305416
-60.0,61,819.514273
-60.0,61,819.716215
-61.0,62,819.92106
-61.0,62,820.2931
-62.0,63,820.51299
-61.0,62,820.720135
-60.0,61,820.950058
-61.0,62,821.157062
-60.0,61,821.359579
-61.0,62,821.567811
-61.0,62,821.768827
-60.0,61,821.971227
-60.0,61,822.353016
-60.0,61,822.55678
-60.0,61,822.762324
-60.0,61,822.966898
-60.0,61,823.172696
-61.0,62,823.385791
-60.0,61,823.588909
-61.0,62,823.801509
-60.0,61,824.172754
-60.0,61,824.373898
-60.0,61,824.618035
-61.0,62,824.862795
-61.0,62,825.065306
-61.0,62,825.273027
-60.0,61,825.479655
-62.0,63,825.687241
-61.0,62,826.065861
-60.0,61,826.264063
-61.0,62,826.471265
-60.0,61,826.672998
-60.0,61,826.872137
-60.0,61,827.071723
-61.0,62,827.277322
-61.0,62,827.487204
-61.0,62,827.690598
-61.0,62,828.057628
-61.0,62,828.259715
-61.0,62,828.468117
-61.0,62,828.670895
-60.0,61,828.871547
-61.0,62,829.072842
-61.0,62,829.275206
-61.0,62,829.484425
-61.0,62,829.855105
-60.0,61,830.056217
-60.0,61,830.258033
-60.0,61,830.460171
-61.0,62,830.666966
-61.0,62,830.870947
-60.0,61,831.072267
-61.0,62,831.277978
-61.0,62,831.649482
-61.0,62,831.852485
-61.0,62,832.05732
-101.0,102,832.396262
-61.0,62,832.605198
-61.0,62,832.808512
-63.0,64,833.019122
-61.0,62,833.223549
-61.0,62,833.59621
-61.0,62,833.802049
-61.0,62,834.006836
-61.0,62,834.208111
-61.0,62,834.427078
-61.0,62,834.636336
-63.0,64,834.849302
-61.0,62,835.059074
-61.0,62,835.448728
-63.0,64,835.714504
-62.0,63,835.935308
-60.0,61,836.137917
-61.0,62,836.342793
-96.0,97,836.665605
-60.0,61,836.866042
-60.0,61,837.066869
-60.0,61,837.439115
-62.0,63,837.64506
-63.0,64,837.858376
-60.0,61,838.060714
-60.0,61,838.264098
-60.0,61,838.472383
-61.0,62,838.676234
-61.0,62,838.880184
-60.0,61,839.248911
-61.0,62,839.454041
-60.0,61,839.651328
-60.0,61,839.854103
-60.0,61,840.05812
-60.0,61,840.25896
-61.0,62,840.461458
-61.0,62,840.667176
-60.0,61,841.035772
-61.0,62,841.235071
-61.0,62,841.437641
-60.0,61,841.640664
-60.0,61,841.842659
-63.0,64,842.05266
-61.0,62,842.256791
-60.0,61,842.45809
-60.0,61,842.66062
-61.0,62,843.035225
-60.0,61,843.238945
-60.0,61,843.447493
-60.0,61,843.647408
-60.0,61,843.850061
-61.0,62,844.054182
-60.0,61,844.255163
-62.0,63,844.464895
-61.0,62,844.835261
-63.0,64,845.049253
-60.0,61,845.248658
-60.0,61,845.453001
-61.0,62,845.659647
-61.0,62,845.86098
-61.0,62,846.066395
-60.0,61,846.264446
-61.0,62,846.686916
-61.0,62,846.896508
-61.0,62,847.100889
-61.0,62,847.304971
-63.0,64,847.514051
-60.0,61,847.714353
-62.0,63,847.921187
-61.0,62,848.130636
-61.0,62,848.503935
-61.0,62,848.707107
-61.0,62,848.908884
-61.0,62,849.114368
-60.0,61,849.312228
-61.0,62,849.522177
-61.0,62,849.728578
-61.0,62,849.931666
-61.0,62,850.131353
-60.0,61,850.500767
-61.0,62,850.714666
-61.0,62,850.922957
-60.0,61,851.119191
-61.0,62,851.323123
-60.0,61,851.531131
-59.0,60,851.733285
-61.0,62,851.937657
-62.0,63,852.313875
-61.0,62,852.519589
-61.0,62,852.722669
-61.0,62,852.930347
-61.0,62,853.139291
-61.0,62,853.346343
-61.0,62,853.561279
-61.0,62,853.76453
-60.0,61,854.134425
-60.0,61,854.33645
-60.0,61,854.539287
-60.0,61,854.74515
-61.0,62,854.950532
-61.0,62,855.153498
-60.0,61,855.354719
-60.0,61,855.559541
-62.0,63,855.767691
-61.0,62,856.140838
-60.0,61,856.340845
-61.0,62,856.546564
-61.0,62,856.752992
-60.0,61,856.95312
-61.0,62,857.158186
-60.0,61,857.358935
-61.0,62,857.618046
-61.0,62,858.109462
-61.0,62,858.431338
-62.0,63,858.756414
-60.0,61,859.0683
-81.0,82,859.489015
-61.0,62,859.809585
-60.0,61,860.119931
-61.0,62,860.445102
-60.0,61,860.939768
-61.0,62,861.146472
-60.0,61,861.348481
-61.0,62,861.557949
-60.0,61,861.758035
-61.0,62,861.9651
-63.0,64,862.176302
-61.0,62,862.38605
-61.0,62,862.763314
-60.0,61,862.967204
-60.0,61,863.171389
-59.0,60,863.369238
-60.0,61,863.571128
-61.0,62,863.778255
-60.0,61,863.979944
-63.0,64,864.193741
-61.0,62,864.400039
-61.0,62,864.771904
-61.0,62,864.979489
-61.0,62,865.189048
-61.0,62,865.404915
-61.0,62,865.616042
-60.0,61,865.819025
-60.0,61,866.021981
-61.0,62,866.224651
-60.0,61,866.594667
-61.0,62,866.801418
-61.0,62,867.009118
-61.0,62,867.220205
-62.0,63,867.433203
-60.0,61,867.632519
-62.0,63,867.839106
-61.0,62,868.041768
-61.0,62,868.424684
-62.0,63,868.682903
-61.0,62,868.913563
-60.0,61,869.114996
-61.0,62,869.318691
-61.0,62,869.522916
-60.0,61,869.720912
-61.0,62,869.921313
-61.0,62,870.293664
-60.0,61,870.496258
-60.0,61,870.699988
-60.0,61,870.899696
-60.0,61,871.102937
-60.0,61,871.305689
-61.0,62,871.507019
-60.0,61,871.707175
-61.0,62,871.912509
-61.0,62,872.282559
-60.0,61,872.485182
-61.0,62,872.694813
-62.0,63,872.903943
-61.0,62,873.108652
-60.0,61,873.312766
-61.0,62,873.517512
-60.0,61,873.71523
-61.0,62,874.094846
-60.0,61,874.29626
-60.0,61,874.498251
-60.0,61,874.699101
-61.0,62,874.901922
-61.0,62,875.108922
-61.0,62,875.309131
-60.0,61,875.511793
-61.0,62,875.883143
-61.0,62,876.083865
-60.0,61,876.277479
-60.0,61,876.477239
-61.0,62,876.681028
-60.0,61,876.885141
-60.0,61,877.08579
-61.0,62,877.28916
-61.0,62,877.493909
-60.0,61,877.860511
-60.0,61,878.057105
-61.0,62,878.266081
-60.0,61,878.464132
-61.0,62,878.663981
-61.0,62,878.865417
-60.0,61,879.063679
-61.0,62,879.270022
-61.0,62,879.666485
-60.0,61,879.8877
-61.0,62,880.10393
-61.0,62,880.311128
-61.0,62,880.518129
-60.0,61,880.719478
-61.0,62,880.926382
-61.0,62,881.128389
-60.0,61,881.516141
-60.0,61,881.71797
-61.0,62,881.925151
-60.0,61,882.127514
-60.0,61,882.333008
-61.0,62,882.536523
-60.0,61,882.73802
-61.0,62,882.945693
-61.0,62,883.151743
-61.0,62,883.529313
-60.0,61,883.733409
-60.0,61,883.939167
-60.0,61,884.139318
-62.0,63,884.349291
-61.0,62,884.556739
-60.0,61,884.757858
-60.0,61,884.958668
-61.0,62,885.329592
-61.0,62,885.541984
-61.0,62,885.752614
-61.0,62,886.011519
-61.0,62,886.239624
-61.0,62,886.452671
-62.0,63,886.664684
-60.0,61,886.869502
-61.0,62,887.241738
-61.0,62,887.453905
-62.0,63,887.665731
-60.0,61,887.868477
-60.0,61,888.069264
-60.0,61,888.265739
-60.0,61,888.473479
-61.0,62,888.688824
-61.0,62,889.07875
-60.0,61,889.29112
-61.0,62,889.513025
-60.0,61,889.728091
-109.0,110,890.124444
-60.0,61,890.340574
-61.0,62,890.598178
-60.0,61,890.835779
-61.0,62,891.225843
-61.0,62,891.445666
-60.0,61,891.656628
-122.0,123,892.094103
-61.0,62,892.313752
-61.0,62,892.56152
-60.0,61,892.775014
-61.0,62,893.167581
-60.0,61,893.37151
-61.0,62,893.57789
-60.0,61,893.780223
-60.0,61,893.976674
-61.0,62,894.183444
-60.0,61,894.399275
-61.0,62,894.603229
-60.0,61,894.804027
-61.0,62,895.175963
-60.0,61,895.376634
-61.0,62,895.580803
-62.0,63,895.78561
-61.0,62,895.990499
-60.0,61,896.191857
-61.0,62,896.397503
-62.0,63,896.604787
-60.0,61,896.970099
-62.0,63,897.179343
-61.0,62,897.385458
-61.0,62,897.592978
-85.0,86,897.870763
-63.0,64,898.078501
-63.0,64,898.28683
-63.0,64,898.49902
-61.0,62,898.87025
-61.0,62,899.071501
-60.0,61,899.281764
-60.0,61,899.482967
-61.0,62,899.690937
-60.0,61,899.891064
-60.0,61,900.092955
-60.0,61,900.296191
-60.0,61,900.672986
-60.0,61,900.878782
-60.0,61,901.08079
-61.0,62,901.28567
-60.0,61,901.512875
-60.0,61,901.771587
-60.0,61,901.979426
-62.0,63,902.190123
-61.0,62,902.565536
-86.0,87,902.853103
-61.0,62,903.059102
-62.0,63,903.268003
-61.0,62,903.475827
-61.0,62,903.682339
-61.0,62,903.890071
-61.0,62,904.095206
-60.0,61,904.469738
-60.0,61,904.678514
-62.0,63,904.886004
-60.0,61,905.093312
-60.0,61,905.293571
-60.0,61,905.497188
-61.0,62,905.704409
-60.0,61,905.90625
-61.0,62,906.10886
-60.0,61,906.478145
-60.0,61,906.678775
-60.0,61,906.883295
-61.0,62,907.085219
-108.0,109,907.458998
-61.0,62,907.682634
-60.0,61,907.889723
-61.0,62,908.287787
-60.0,61,908.500104
-61.0,62,908.722535
-62.0,63,908.940482
-60.0,61,909.156143
-62.0,63,909.376508
-60.0,61,909.592864
-61.0,62,909.807988
-60.0,61,910.176091
-62.0,63,910.382467
-60.0,61,910.59204
-60.0,61,910.806883
-61.0,62,911.018385
-61.0,62,911.229976
-61.0,62,911.444547
-61.0,62,911.650514
-61.0,62,911.881224
-60.0,61,912.277992
-61.0,62,912.539079
-61.0,62,912.802654
-60.0,61,913.017447
-61.0,62,913.232922
-61.0,62,913.451524
-60.0,61,913.667638
-60.0,61,913.886719
-60.0,61,914.277539
-61.0,62,914.503714
-60.0,61,914.714506
-60.0,61,914.927431
-60.0,61,915.121854
-61.0,62,915.328441
-61.0,62,915.532565
-61.0,62,915.736423
-61.0,62,916.115178
-61.0,62,916.319531
-61.0,62,916.528767
-60.0,61,916.731241
-63.0,64,916.955283
-60.0,61,917.160406
-60.0,61,917.367272
-84.0,85,917.658411
-60.0,61,918.03448
-61.0,62,918.239576
-61.0,62,918.447689
-61.0,62,918.650927
-61.0,62,918.862251
-62.0,63,919.06839
-61.0,62,919.27148
-60.0,61,919.471604
-60.0,61,919.677587
-61.0,62,920.048759
-61.0,62,920.261216
-60.0,61,920.462715
-60.0,61,920.670611
-61.0,62,920.880133
-61.0,62,921.08242
-60.0,61,921.278921
-60.0,61,921.481628
-61.0,62,921.853523
-60.0,61,922.056182
-61.0,62,922.266599
-61.0,62,922.475151
-62.0,63,922.686754
-60.0,61,922.888178
-60.0,61,923.090334
-60.0,61,923.289791
-60.0,61,923.661402
-60.0,61,923.862267
-60.0,61,924.071347
-61.0,62,924.280828
-60.0,61,924.508026
-61.0,62,924.750111
-61.0,62,924.950063
-61.0,62,925.152414
-61.0,62,925.527771
-61.0,62,925.728328
-61.0,62,925.935442
-60.0,61,926.134496
-60.0,61,926.332576
-61.0,62,926.541206
-60.0,61,926.737599
-61.0,62,926.978801
-61.0,62,927.184039
-61.0,62,927.557676
-61.0,62,927.763186
-61.0,62,927.970365
-61.0,62,928.175163
-61.0,62,928.387562
-61.0,62,928.589814
-60.0,61,928.792316
-64.0,65,929.010829
-61.0,62,929.397957
-60.0,61,929.616922
-60.0,61,929.834502
-61.0,62,930.05837
-60.0,61,930.274313
-61.0,62,930.493392
-61.0,62,930.714198
-60.0,61,930.927452
-61.0,62,931.325665
-60.0,61,931.549381
-61.0,62,931.764652
-60.0,61,931.968613
-61.0,62,932.175275
-60.0,61,932.379081
-60.0,61,932.582811
-61.0,62,932.789275
-60.0,61,932.991227
-61.0,62,933.366537
-60.0,61,933.573233
-60.0,61,933.793124
-60.0,61,933.999099
-60.0,61,934.207544
-61.0,62,934.45136
-60.0,61,934.727246
-61.0,62,935.02059
-60.0,61,935.407671
-60.0,61,935.620037
-60.0,61,935.83162
-61.0,62,936.04039
-61.0,62,936.243682
-60.0,61,936.452498
-60.0,61,936.65575
-60.0,61,936.856186
-60.0,61,937.296495
-61.0,62,937.559939
-61.0,62,937.802211
-61.0,62,938.04159
-60.0,61,938.260954
-61.0,62,938.470526
-60.0,61,938.6692
-60.0,61,938.869912
-61.0,62,939.071544
-60.0,61,939.443819
-61.0,62,939.648596
-61.0,62,939.852385
-60.0,61,940.052242
-61.0,62,940.258122
-61.0,62,940.467071
-62.0,63,940.678606
-60.0,61,940.881346
-60.0,61,941.255748
-61.0,62,941.492746
-61.0,62,941.698092
-60.0,61,941.903693
-60.0,61,942.108452
-61.0,62,942.317372
-62.0,63,942.540244
-60.0,61,942.746907
-60.0,61,943.12296
-60.0,61,943.331589
-60.0,61,943.537839
-61.0,62,943.747101
-60.0,61,943.949297
-60.0,61,944.149972
-61.0,62,944.390435
-61.0,62,944.605932
-60.0,61,944.841451
-60.0,61,945.270114
-60.0,61,945.514336
-60.0,61,945.777337
-62.0,63,946.063187
-60.0,61,946.294791
-61.0,62,946.528868
-61.0,62,946.769061
-61.0,62,947.007866
-60.0,61,947.423983
-61.0,62,947.640398
-60.0,61,947.850099
-60.0,61,948.054144
-60.0,61,948.274517
-61.0,62,948.514859
-60.0,61,948.733207
-60.0,61,948.939289
-60.0,61,949.340972
-61.0,62,949.547827
-61.0,62,949.75667
-60.0,61,949.972943
-61.0,62,950.185564
-60.0,61,950.411201
-61.0,62,950.632571
-61.0,62,950.837421
-61.0,62,951.039527
-61.0,62,951.42393
-60.0,61,951.626438
-61.0,62,951.833966
-61.0,62,952.033351
-61.0,62,952.243799
-61.0,62,952.453895
-60.0,61,952.652948
-61.0,62,952.859161
-61.0,62,953.235854
-60.0,61,953.448585
-105.0,106,953.900203
-61.0,62,954.133624
-60.0,61,954.394581
-61.0,62,954.639328
-60.0,61,954.881306
-61.0,62,955.351067
-60.0,61,955.592226
-61.0,62,955.838481
-61.0,62,956.069952
-61.0,62,956.332548
-60.0,61,956.542361
-61.0,62,956.764386
-61.0,62,956.984638
-60.0,61,957.207299
-62.0,63,957.668023
-60.0,61,957.906391
-60.0,61,958.150066
-62.0,63,958.404891
-61.0,62,958.652024
-62.0,63,958.918896
-62.0,63,959.179722
-61.0,62,959.446769
-61.0,62,959.906929
-61.0,62,960.177519
-61.0,62,960.454236
-60.0,61,960.744834
-60.0,61,961.03256
-61.0,62,961.270725
-60.0,61,961.523079
-60.0,61,961.794683
-61.0,62,962.219942
-61.0,62,962.442822
-60.0,61,962.651067
-62.0,63,962.860702
-60.0,61,963.065548
-60.0,61,963.264025
-61.0,62,963.476853
-61.0,62,963.740656
-61.0,62,963.955626
-61.0,62,964.34351
-61.0,62,964.54859
-63.0,64,964.764813
-61.0,62,964.969402
-60.0,61,965.173766
-61.0,62,965.389908
-60.0,61,965.597278
-60.0,61,965.799825
-60.0,61,966.171187
-60.0,61,966.373068
-62.0,63,966.602231
-61.0,62,966.863263
-62.0,63,967.080508
-60.0,61,967.284061
-60.0,61,967.48988
-60.0,61,967.692999
-61.0,62,968.075793
-62.0,63,968.290524
-65.0,66,968.509751
-61.0,62,968.717084
-60.0,61,968.925786
-61.0,62,969.131462
-60.0,61,969.332461
-60.0,61,969.540227
-62.0,63,969.971194
-60.0,61,970.198519
-60.0,61,970.434201
-60.0,61,970.663097
-60.0,61,970.900575
-60.0,61,971.148705
-60.0,61,971.396359
-62.0,63,971.663337
-60.0,61,971.897277
-62.0,63,972.317201
-90.0,91,972.665927
-60.0,61,972.902454
-60.0,61,973.14302
-60.0,61,973.390137
-61.0,62,973.630895
-61.0,62,973.873554
-63.0,64,974.117655
-64.0,65,974.554657
-60.0,61,974.815829
-61.0,62,975.108197
-60.0,61,975.350969
-60.0,61,975.606124
-62.0,63,975.850153
-60.0,61,976.136358
-60.0,61,976.444273
-61.0,62,976.973736
-61.0,62,977.304962
-60.0,61,977.650533
-60.0,61,978.000564
-60.0,61,978.328451
-60.0,61,978.630662
-64.0,65,978.888935
-61.0,62,979.099652
-60.0,61,979.490791
-61.0,62,979.717102
-61.0,62,979.948936
-60.0,61,980.159159
-60.0,61,980.372969
-61.0,62,980.592092
-62.0,63,980.833116
-61.0,62,981.04731
-61.0,62,981.43717
-60.0,61,981.650164
-62.0,63,981.873489
-60.0,61,982.089107
-60.0,61,982.297239
-62.0,63,982.513911
-60.0,61,982.717539
-60.0,61,982.941871
-60.0,61,983.169211
-60.0,61,983.575416
-62.0,63,983.803942
-60.0,61,984.026853
-60.0,61,984.239686
-60.0,61,984.462262
-62.0,63,984.676833
-60.0,61,984.886207
-60.0,61,985.095925
-61.0,62,985.537191
-61.0,62,985.796408
-60.0,61,986.005974
-61.0,62,986.235194
-62.0,63,986.469389
-61.0,62,986.678985
-61.0,62,986.889969
-60.0,61,987.116203
-60.0,61,987.580908
-61.0,62,987.860128
-61.0,62,988.102739
-60.0,61,988.33488
-61.0,62,988.581426
-60.0,61,988.831937
-60.0,61,989.119153
-60.0,61,989.39317
-60.0,61,989.656054
-61.0,62,990.084869
-60.0,61,990.31435
-60.0,61,990.527568
-61.0,62,990.74796
-60.0,61,990.961193
-62.0,63,991.203918
-61.0,62,991.444171
-60.0,61,991.65341
-61.0,62,992.034675
-60.0,61,992.243288
-60.0,61,992.471327
-61.0,62,992.682281
-60.0,61,992.90695
-60.0,61,993.115608
-60.0,61,993.323033
-61.0,62,993.532679
-61.0,62,993.935931
-60.0,61,994.136092
-60.0,61,994.333761
-61.0,62,994.558326
-60.0,61,994.77573
-60.0,61,994.97933
-60.0,61,995.179313
-60.0,61,995.395347
-61.0,62,995.626074
-61.0,62,996.015417
-60.0,61,996.218813
-61.0,62,996.432386
-62.0,63,996.634523
-60.0,61,996.836056
-61.0,62,997.048106
-61.0,62,997.26685
-61.0,62,997.481078
-60.0,61,997.910157
-61.0,62,998.139088
-60.0,61,998.345838
-60.0,61,998.554265
-61.0,62,998.774506
-62.0,63,998.986195
-62.0,63,999.19921
-60.0,61,999.40752
-61.0,62,999.787624
-61.0,62,999.999274
-60.0,61,1000.211588
-60.0,61,1000.410113
-86.0,87,1000.691521
-61.0,62,1000.902212
-62.0,63,1001.135111
-60.0,61,1001.349069
-61.0,62,1001.726607
-60.0,61,1001.93052
-60.0,61,1002.129727
-61.0,62,1002.337768
-62.0,63,1002.547553
-61.0,62,1002.753128
-60.0,61,1002.966027
-61.0,62,1003.172969
-60.0,61,1003.542787
-61.0,62,1003.760909
-61.0,62,1003.963614
-62.0,63,1004.170782
-60.0,61,1004.376831
-60.0,61,1004.578887
-60.0,61,1004.781158
-61.0,62,1004.984278
-86.0,87,1005.482554
-93.0,94,1005.803105
-60.0,61,1006.014921
-60.0,61,1006.217506
-60.0,61,1006.451163
-61.0,62,1006.671746
-60.0,61,1006.888067
-61.0,62,1007.101996
-60.0,61,1007.49321
-60.0,61,1007.755975
-62.0,63,1008.007259
-60.0,61,1008.270772
-61.0,62,1008.487396
-60.0,61,1008.719208
-61.0,62,1008.961646
-62.0,63,1009.208951
-60.0,61,1009.640653
-60.0,61,1009.846598
-60.0,61,1010.050767
-60.0,61,1010.29799
-61.0,62,1010.544677
-60.0,61,1010.766033
-61.0,62,1010.976952
-61.0,62,1011.195602
-61.0,62,1011.413159
-60.0,61,1011.802012
-60.0,61,1012.055176
-60.0,61,1012.280061
-61.0,62,1012.534353
-61.0,62,1012.772111
-60.0,61,1012.98439
-61.0,62,1013.200007
-61.0,62,1013.415837
-61.0,62,1013.862248
-60.0,61,1014.075875
-62.0,63,1014.310771
-61.0,62,1014.574293
-61.0,62,1014.83553
-61.0,62,1015.077761
-61.0,62,1015.296355
-61.0,62,1015.516406
-61.0,62,1015.906237
-61.0,62,1016.134292
-60.0,61,1016.339311
-60.0,61,1016.5719
-60.0,61,1016.795461
-61.0,62,1017.031327
-61.0,62,1017.280328
-61.0,62,1017.529935
-62.0,63,1017.77491
-60.0,61,1018.263668
-60.0,61,1018.548313
-62.0,63,1018.802668
-60.0,61,1019.049279
-60.0,61,1019.287936
-60.0,61,1019.541855
-60.0,61,1019.772505
-60.0,61,1020.023914
-61.0,62,1020.420752
-61.0,62,1020.649419
-61.0,62,1020.868143
-61.0,62,1021.093971
-60.0,61,1021.311982
-60.0,61,1021.526544
-60.0,61,1021.741583
-61.0,62,1021.959893
-60.0,61,1022.360838
-60.0,61,1022.58662
-62.0,63,1022.855522
-61.0,62,1023.143775
-60.0,61,1023.381929
-60.0,61,1023.601961
-60.0,61,1023.836804
-60.0,61,1024.059475
-59.0,60,1024.268932
-61.0,62,1024.668018
-60.0,61,1024.884754
-60.0,61,1025.090286
-60.0,61,1025.302052
-60.0,61,1025.510608
-61.0,62,1025.72795
-61.0,62,1025.934745
-61.0,62,1026.144246
-61.0,62,1026.577062
-60.0,61,1026.790651
-60.0,61,1027.023498
-61.0,62,1027.268147
-61.0,62,1027.529357
-61.0,62,1027.775061
-60.0,61,1028.001069
-60.0,61,1028.260218
-61.0,62,1028.697272
-60.0,61,1028.928002
-60.0,61,1029.16762
-61.0,62,1029.40948
-61.0,62,1029.642261
-61.0,62,1029.887384
-61.0,62,1030.126119
-60.0,61,1030.363051
-61.0,62,1030.652666
-60.0,61,1031.097305
-61.0,62,1031.328284
-61.0,62,1031.56214
-60.0,61,1031.817351
-60.0,61,1032.053955
-60.0,61,1032.287812
-60.0,61,1032.522389
-60.0,61,1032.745102
-60.0,61,1033.165807
-60.0,61,1033.376153
-60.0,61,1033.581005
-61.0,62,1033.790086
-60.0,61,1034.013024
-60.0,61,1034.251471
-63.0,64,1034.499261
-61.0,62,1034.725446
-60.0,61,1035.142869
-60.0,61,1035.360763
-60.0,61,1035.581811
-62.0,63,1035.806942
-60.0,61,1036.040448
-61.0,62,1036.313812
-60.0,61,1036.537591
-61.0,62,1036.752665
-61.0,62,1036.970131
-60.0,61,1037.386853
-60.0,61,1037.606842
-62.0,63,1037.847117
-61.0,62,1038.099701
-61.0,62,1038.370548
-60.0,61,1038.581622
-60.0,61,1038.803184
-60.0,61,1039.014346
-60.0,61,1039.412051
-61.0,62,1039.623171
-61.0,62,1039.841484
-61.0,62,1040.059346
-60.0,61,1040.262089
-61.0,62,1040.467376
-60.0,61,1040.66685
-61.0,62,1040.871556
-60.0,61,1041.244879
-61.0,62,1041.467517
-60.0,61,1041.698213
-60.0,61,1041.935419
-61.0,62,1042.137623
-61.0,62,1042.346914
-60.0,61,1042.553041
-61.0,62,1042.758073
-60.0,61,1042.961289
-60.0,61,1043.335598
-60.0,61,1043.534852
-60.0,61,1043.742099
-60.0,61,1043.94502
-61.0,62,1044.145881
-60.0,61,1044.352579
-60.0,61,1044.556679
-60.0,61,1044.790905
-60.0,61,1045.213016
-61.0,62,1045.45224
-62.0,63,1045.700464
-61.0,62,1045.930886
-61.0,62,1046.145822
-60.0,61,1046.37112
-60.0,61,1046.578489
-60.0,61,1046.786066
-60.0,61,1047.15651
-61.0,62,1047.366091
-61.0,62,1047.574515
-61.0,62,1047.778974
-61.0,62,1048.001024
-60.0,61,1048.211486
-60.0,61,1048.442847
-63.0,64,1048.661235
-60.0,61,1048.872377
-61.0,62,1049.253171
-61.0,62,1049.457452
-60.0,61,1049.66279
-61.0,62,1049.870076
-61.0,62,1050.075263
-60.0,61,1050.277067
-61.0,62,1050.480665
-61.0,62,1050.685381
-60.0,61,1051.053413
-61.0,62,1051.298045
-60.0,61,1051.516482
-60.0,61,1051.722508
-61.0,62,1051.938935
-60.0,61,1052.157502
-61.0,62,1052.375045
-60.0,61,1052.60346
-60.0,61,1053.024016
-61.0,62,1053.244817
-60.0,61,1053.458859
-60.0,61,1053.675983
-60.0,61,1053.894262
-60.0,61,1054.14492
-60.0,61,1054.365717
-61.0,62,1054.57447
-60.0,61,1054.778179
-61.0,62,1055.157149
-61.0,62,1055.372658
-60.0,61,1055.585596
-61.0,62,1055.799945
-61.0,62,1056.006966
-60.0,61,1056.220082
-60.0,61,1056.431286
-60.0,61,1056.636079
-60.0,61,1057.02418
-61.0,62,1057.236983
-60.0,61,1057.443592
-60.0,61,1057.652023
-60.0,61,1057.854061
-60.0,61,1058.058604
-60.0,61,1058.283622
-61.0,62,1058.505938
-60.0,61,1058.918959
-60.0,61,1059.118587
-60.0,61,1059.325028
-60.0,61,1059.557869
-60.0,61,1059.781985
-61.0,62,1060.02399
-60.0,61,1060.281946
-61.0,62,1060.532065
-60.0,61,1060.897934
-60.0,61,1061.527463
-60.0,61,1061.797033
-62.0,63,1062.054551
-60.0,61,1062.284558
-60.0,61,1062.497835
-60.0,61,1062.709341
-60.0,61,1062.920746
-60.0,61,1063.150042
-60.0,61,1063.582701
-60.0,61,1063.838145
-60.0,61,1064.068419
-61.0,62,1064.295832
-81.0,82,1064.583538
-63.0,64,1064.805987
-60.0,61,1065.0312
-60.0,61,1065.248232
-60.0,61,1065.633186
-61.0,62,1065.868433
-61.0,62,1066.084919
-60.0,61,1066.295373
-60.0,61,1066.508565
-60.0,61,1066.72007
-60.0,61,1066.929577
-61.0,62,1067.161968
-60.0,61,1067.54499
-60.0,61,1067.773475
-60.0,61,1067.987983
-61.0,62,1068.201223
-60.0,61,1068.430353
-60.0,61,1068.681249
-61.0,62,1068.912641
-60.0,61,1069.127312
-62.0,63,1069.34366
-61.0,62,1069.7304
-60.0,61,1069.935013
-60.0,61,1070.143067
-61.0,62,1070.359339
-61.0,62,1070.581636
-60.0,61,1070.79259
-61.0,62,1071.00619
-60.0,61,1071.220609
-60.0,61,1071.604215
-61.0,62,1071.808753
-60.0,61,1072.008303
-60.0,61,1072.213281
-61.0,62,1072.424043
-61.0,62,1072.628206
-61.0,62,1072.832745
-61.0,62,1073.039384
-60.0,61,1073.428502
-62.0,63,1073.635139
-61.0,62,1073.837762
-60.0,61,1074.038107
-61.0,62,1074.250993
-61.0,62,1074.512843
-61.0,62,1074.756386
-61.0,62,1075.025634
-61.0,62,1075.251066
-61.0,62,1075.670273
-60.0,61,1075.877049
-60.0,61,1076.079223
-60.0,61,1076.280657
-60.0,61,1076.485846
-61.0,62,1076.69312
-60.0,61,1076.919638
-61.0,62,1077.129687
-61.0,62,1077.51719
-61.0,62,1077.757391
-60.0,61,1077.959129
-61.0,62,1078.166959
-61.0,62,1078.388192
-60.0,61,1078.614063
-61.0,62,1078.825647
-61.0,62,1079.033295
-60.0,61,1079.421173
-60.0,61,1079.628597
-60.0,61,1079.831843
-61.0,62,1080.040199
-60.0,61,1080.241692
-60.0,61,1080.443497
-60.0,61,1080.646713
-60.0,61,1080.847847
-60.0,61,1081.058036
-61.0,62,1081.444405
-61.0,62,1081.657952
-60.0,61,1081.887053
-60.0,61,1082.094001
-61.0,62,1082.321177
-61.0,62,1082.54283
-61.0,62,1082.751701
-61.0,62,1099.314449
-61.0,62,1099.70229
-60.0,61,1099.906589
-60.0,61,1100.109548
-61.0,62,1100.333513
-60.0,61,1100.547841
