#{"t_start": 1545676625.169267, "gym_version": "0.10.8", "env_id": "Hopper-v2"}
r,l,t
28.413751,32,3.849415
24.649786,35,3.993884
27.318494,32,4.126394
42.06635,44,4.307327
24.047458,33,4.44232
32.282821,33,4.579423
88.449147,69,4.865137
30.639252,31,4.993145
40.132117,42,5.176605
28.649193,31,5.317614
29.542308,34,5.456587
27.722967,38,5.609819
25.72472,37,5.762624
43.327087,40,6.227529
33.441191,36,6.378002
27.920528,32,6.507254
30.752452,39,6.666818
33.028919,35,6.812917
24.194135,27,6.923515
30.856341,33,7.058412
50.244104,48,7.257136
27.079751,31,7.383125
56.2168,52,7.596744
35.071548,35,7.738682
34.167912,33,7.871537
23.856034,44,8.050954
29.667057,36,8.196159
28.245168,49,8.554808
29.84875,39,8.713068
32.809374,38,8.866997
31.302254,33,8.998425
29.79497,37,9.146787
41.236023,49,9.34992
31.487644,36,9.496171
33.835145,38,9.652113
25.2416,32,9.782844
38.197626,50,9.985764
36.244459,40,10.145984
67.234311,61,10.397036
155.007689,91,10.931831
38.966161,42,11.108312
32.576701,38,11.26547
32.588926,33,11.401035
108.709946,77,11.718302
31.751833,46,11.907753
35.702947,37,12.061724
54.582029,50,12.268909
57.240637,52,12.481998
57.653641,66,12.755766
52.721518,54,13.137651
66.406486,52,13.352606
47.017935,51,13.563708
35.736975,34,13.703362
71.203065,52,13.920815
41.161593,39,14.082118
54.369599,48,14.284292
33.526096,34,14.425412
60.19657,59,14.667337
56.064504,51,14.877849
57.014343,48,15.246654
56.986654,50,15.453746
64.642656,59,15.698477
100.536105,67,15.974833
105.928197,77,16.289548
33.868935,34,16.429062
127.253003,78,16.750536
89.483148,61,17.007936
73.228531,58,17.253045
65.307082,57,17.651543
89.350862,65,17.916341
68.296866,49,18.116881
80.291345,58,18.353987
91.006811,63,18.615171
129.932509,79,18.947897
32.999126,54,19.170714
94.447765,68,19.448541
32.594908,36,19.596137
36.532463,35,19.900785
97.123112,69,20.185406
72.637701,52,20.397886
113.162273,73,20.695863
146.223867,94,21.081618
65.413935,47,21.277976
88.569571,63,21.53309
148.115318,92,22.072227
199.024276,104,22.495893
79.26081,59,22.736221
111.740475,71,23.026534
59.083753,57,23.271008
98.52343,66,23.540049
71.001642,50,23.748158
64.744584,47,23.940275
89.165454,61,24.350507
108.548404,72,24.648271
126.473432,81,24.975573
120.000229,83,25.32941
81.700015,57,25.562032
109.25888,72,25.85612
184.200956,103,26.286833
74.170775,53,26.66657
93.800784,76,26.972441
114.692034,78,27.29518
69.363538,87,27.650206
65.077297,62,27.901716
69.176684,49,28.098033
99.830921,67,28.369958
185.545166,109,28.977678
25.607327,29,29.096161
116.843876,76,29.408557
77.193731,54,29.629922
123.233673,90,29.995576
136.524265,108,30.439937
66.805882,56,30.669263
62.951109,47,30.860183
65.231828,53,31.239833
57.940046,43,31.41522
141.16079,134,31.959962
101.098078,68,32.236582
111.096183,91,32.605017
99.579441,65,32.868516
60.999387,44,33.048574
71.210474,58,33.451309
86.438918,62,33.702245
82.871072,63,33.957241
93.369286,63,34.218577
107.696251,70,34.511938
62.734936,45,34.698195
76.579196,61,34.942015
173.53122,125,35.628549
74.301701,56,35.859492
127.979228,86,36.223244
82.823639,59,36.470742
65.013306,51,36.684954
112.330922,72,36.97761
98.029254,74,37.283123
134.364087,105,37.716641
81.874496,57,38.106257
109.337712,80,38.436131
112.091749,83,38.776319
231.819267,121,39.27547
107.761836,69,39.559558
100.263156,74,39.868109
161.373151,89,40.390306
94.215671,65,40.653414
92.912958,68,40.931885
95.896023,70,41.222733
79.231885,56,41.449347
77.936902,55,41.677441
81.792637,60,41.920663
96.316364,64,42.186675
92.06246,83,42.687224
114.528166,75,42.999153
72.415994,51,43.208973
155.136063,98,43.604584
80.272388,63,43.862607
137.240983,86,44.224321
126.64949,86,44.740822
93.564099,63,44.99763
99.02345,76,45.323702
76.60616,64,45.584255
111.33278,74,45.880447
95.645013,65,46.142719
174.319155,94,46.531549
95.878214,93,47.072823
93.686438,71,47.362797
139.680333,90,47.730051
107.961814,73,48.02632
96.681464,70,48.312427
111.973019,84,48.657939
81.01927,58,48.896377
86.41646,59,49.298487
121.845255,76,49.6006
70.857184,51,49.803546
108.441178,70,50.081913
181.501408,110,50.53954
89.5652,61,50.790904
82.343554,57,51.025126
88.055059,68,51.470498
114.431502,77,51.787111
92.873537,102,52.204395
65.233362,47,52.394768
97.644945,66,52.659351
62.487116,45,52.842361
119.55882,78,53.162583
102.102989,85,53.512926
137.245246,82,54.012048
102.867204,68,54.29359
80.280549,56,54.517542
167.05028,96,54.914519
92.187412,62,55.171517
68.414385,57,55.423797
66.644687,57,55.660276
76.118699,55,56.054159
90.050254,63,56.321337
180.400036,103,56.743973
132.864782,81,57.075024
87.439854,61,57.331374
92.051241,68,57.610239
88.460752,67,57.886192
116.291039,75,58.353941
63.984049,47,58.548236
111.938758,74,58.854897
73.785095,52,59.065864
145.000445,109,59.510308
184.615017,109,59.967224
80.167543,57,60.197898
119.703182,90,60.724616
125.655004,88,61.091618
70.784838,54,61.310028
90.393169,63,61.566016
113.594615,93,61.945821
85.980659,60,62.197026
69.534823,58,62.441712
92.660572,91,62.976231
70.0028,61,63.225467
86.925324,71,63.514225
75.155575,56,63.745011
114.762238,75,64.051479
86.851472,70,64.338509
92.736579,67,64.607403
103.234719,70,64.896703
60.361056,65,65.342992
139.218113,84,65.691183
121.302149,85,66.049391
157.306303,94,66.434284
101.467451,68,66.716928
89.739186,68,66.99692
108.372812,74,67.460895
194.141279,135,68.018269
75.33319,53,68.234756
104.481625,72,68.528504
71.871829,51,68.740793
88.566819,60,68.988772
96.569303,73,69.291082
253.100101,128,69.981326
197.900919,108,70.425019
62.061063,45,70.611724
99.279783,71,70.907047
120.345847,83,71.250455
108.348852,98,71.650341
79.177729,58,72.052661
85.316379,59,72.298317
115.443311,78,72.619335
77.15772,54,72.842877
72.024786,50,73.049793
87.991004,60,73.29402
155.961251,88,73.654187
97.45495,76,73.965181
129.50616,86,74.481712
90.295732,62,74.747306
67.071095,48,74.948531
61.725786,44,75.130409
129.684398,83,75.486438
113.840798,84,75.829595
65.70937,47,76.026417
84.280307,63,76.286599
100.272036,70,76.743176
69.112738,55,76.966187
106.822872,92,77.346324
85.838506,61,77.59459
191.614948,108,78.034493
64.321276,46,78.224122
106.280783,70,78.50805
83.417327,63,78.92725
145.710501,90,79.295945
92.942662,64,79.55667
127.449559,79,79.879803
105.105972,70,80.167548
69.588628,49,80.368711
169.521033,99,80.769644
74.883995,61,81.181866
86.574785,65,81.449454
139.827158,85,81.79601
81.046058,57,82.032056
84.215348,89,82.402009
135.81289,86,82.754894
64.421614,56,82.982481
108.244634,71,83.437061
172.415947,99,83.840276
152.112552,93,84.220761
107.736336,80,84.550184
68.293395,62,84.806813
148.710631,89,85.170773
95.728003,76,85.656522
92.508674,69,85.936589
127.668538,80,86.260797
90.909448,75,86.571588
104.220881,67,86.84497
164.954,105,87.277331
116.184424,86,87.791267
75.806003,61,88.038427
135.618614,88,88.405887
113.863693,73,88.710384
115.745773,74,89.018364
161.774404,92,89.401697
123.063441,85,89.750848
104.956153,74,90.210648
135.344499,82,90.550393
96.17657,71,90.844526
140.049617,91,91.218009
116.78316,76,91.529101
121.056105,75,91.84268
71.139883,51,92.054152
112.574797,72,92.515539
101.758185,97,92.917408
76.5298,61,93.1662
77.71611,63,93.420252
87.616797,72,93.718227
80.779461,56,93.947863
95.293479,65,94.217457
92.373048,63,94.643652
63.882996,46,94.830884
198.559515,116,95.325953
98.633041,67,95.606338
169.080113,99,96.011576
130.778696,85,96.361722
111.635125,88,96.723596
142.24246,86,97.230209
127.518645,80,97.546786
109.197458,83,97.893759
100.784949,79,98.208776
213.434362,114,98.665892
65.908851,111,99.273239
111.27241,85,99.627089
105.89522,70,99.915111
81.53954,57,100.143159
151.528293,92,100.522721
118.830852,76,100.831296
86.153375,60,101.077798
78.87132,56,101.467454
88.298064,60,101.707506
145.909925,90,102.072918
145.819208,115,102.538009
125.121925,79,102.853989
82.454687,61,103.097644
120.115037,78,103.41126
79.611624,56,103.795694
121.964194,79,104.110324
89.699555,72,104.403244
140.428738,87,104.753643
88.797705,67,105.024479
143.498127,86,105.386538
182.706846,123,106.042437
129.346549,82,106.378963
126.247516,85,106.723762
66.796522,48,106.916742
80.318426,64,107.174724
87.905379,62,107.427825
146.944553,91,107.803248
129.035538,83,108.304152
128.949029,87,108.66035
165.152844,101,109.070327
85.070842,60,109.312806
104.502921,69,109.59172
135.369508,99,109.993119
93.190758,70,110.442442
85.702538,60,110.681483
133.511496,83,111.014807
123.202419,80,111.338819
135.86689,109,111.776336
144.560535,86,112.126639
93.039943,64,112.388616
94.705295,64,112.810433
94.172453,76,113.117258
137.93316,85,113.46756
74.753924,53,113.684157
89.295824,65,113.950537
98.404785,75,114.256268
86.522797,60,114.50283
122.48994,78,114.983137
165.127798,97,115.392958
126.114691,116,115.865859
89.730805,61,116.110955
196.654949,106,116.550483
216.971433,121,117.207599
133.379681,84,117.546957
76.824944,63,117.80197
62.593598,45,117.982678
100.738326,77,118.293998
99.515063,67,118.569809
120.980782,90,118.939142
105.994254,79,119.419628
79.0955,55,119.64357
75.698398,67,119.921053
71.009713,55,120.149379
95.998002,64,120.410332
102.710732,68,120.690342
133.822052,83,121.031109
140.458697,86,121.382488
140.145471,84,121.890226
223.676007,109,122.340256
94.70716,63,122.598375
87.495969,63,122.854499
169.073512,104,123.282321
87.125104,60,123.529207
172.664154,95,124.086293
127.959116,84,124.422953
69.715219,50,124.625844
114.423436,73,124.924775
162.727655,98,125.334861
125.314651,80,125.655969
97.225496,66,125.922412
149.723229,99,126.486197
139.629242,83,126.822026
91.595432,78,127.139074
108.579623,71,127.427818
117.860684,75,127.732584
95.244134,71,128.017404
81.371696,57,128.410923
119.324719,86,128.76006
147.02565,90,129.120376
86.916828,67,129.388662
115.235979,74,129.682656
124.521126,84,130.022506
113.562785,72,130.31276
137.702338,88,130.827878
128.617134,82,131.159789
114.098016,114,131.638189
110.32717,74,131.9418
136.55726,88,132.299868
76.614148,61,132.545166
113.431867,73,133.00122
123.216295,78,133.31982
124.179767,79,133.642587
104.196702,76,133.949981
114.361887,76,134.260276
94.417545,77,134.578819
92.726548,64,134.840034
108.514132,72,135.302324
72.825357,59,135.542573
93.081325,69,135.827542
88.511468,67,136.1008
128.949907,83,136.441473
196.62034,113,136.904059
124.981834,79,137.386994
151.651742,90,137.766049
144.573948,99,138.179052
182.47652,98,138.578544
109.069981,70,138.864865
107.976447,71,139.150803
156.075254,94,139.692258
90.248493,63,139.950703
145.609779,86,140.302511
145.728779,92,140.682493
93.294567,69,140.969654
98.137767,70,141.257656
66.419154,48,141.453686
105.284965,70,141.903569
135.027842,83,142.237046
112.484708,73,142.527357
113.920025,73,142.827943
111.831339,78,143.145351
125.31633,78,143.463514
112.725946,82,143.800524
68.314567,71,144.255092
141.82893,88,144.616903
107.956389,74,144.92076
88.341881,61,145.17996
157.455483,94,145.580156
174.414303,103,146.009633
125.912424,81,146.506094
110.426271,74,146.821664
78.49229,62,147.079826
97.113529,64,147.342565
92.901328,72,147.638152
116.009845,73,147.940019
121.408663,76,148.249864
181.898564,104,148.834375
78.099589,61,149.082849
124.441421,108,149.526919
163.403295,92,149.907737
153.969651,94,150.293955
148.989481,98,150.695455
85.10543,92,151.234858
133.569518,86,151.585419
147.790766,87,151.941601
91.493582,68,152.219196
142.71169,89,152.591209
136.837346,94,152.972672
136.714525,87,153.487126
117.675633,75,153.793936
141.574265,89,154.153376
141.995949,89,154.512075
103.620016,68,154.790837
83.091093,57,155.021343
84.875964,70,155.481954
150.046351,94,155.867173
159.517485,94,156.249114
81.119054,56,156.476039
198.533167,105,156.907781
98.42972,97,157.300594
166.507744,96,157.854302
198.001254,112,158.311836
82.750902,64,158.573863
86.868876,60,158.820965
113.733075,78,159.139113
87.73495,67,159.40968
118.311192,75,159.714644
81.223921,57,160.107208
148.270849,105,160.533368
179.515316,99,160.938903
159.312176,94,161.319216
143.567485,87,161.67468
163.329499,97,162.23462
100.615545,72,162.524162
84.108484,59,162.765662
146.566203,91,163.140107
188.368682,107,163.575444
121.858418,80,163.902517
117.186515,75,164.206595
129.110319,81,164.701254
162.519428,95,165.095525
157.905576,101,165.524494
195.768048,108,165.962993
84.622633,59,166.203987
106.015759,69,166.485202
84.693174,59,166.885483
116.322306,74,167.186287
131.631188,81,167.515913
156.650221,95,167.909224
130.171549,79,168.239164
155.076521,112,168.704974
78.353345,56,169.375094
113.49529,72,169.670315
166.154236,96,170.066736
120.060972,85,170.414979
93.921409,71,170.718112
188.366602,108,171.162498
129.088723,80,171.646116
137.404235,84,171.988149
102.824231,77,172.298635
170.977775,100,172.709459
125.200208,93,173.087961
201.987237,112,173.53999
102.148099,77,174.68037
160.289317,121,175.339864
132.873211,85,175.71032
123.474217,78,176.030226
75.202665,61,176.274117
120.879498,77,176.588188
81.57947,58,176.996855
126.345744,78,177.316597
133.801156,82,177.649816
121.80261,77,177.962777
147.117509,96,178.35894
101.921713,104,178.786639
107.952148,76,179.256484
116.153324,75,179.561212
130.643524,83,179.892811
214.888806,114,180.354887
79.806679,68,180.63436
102.002521,67,180.909146
169.41223,107,181.515263
122.822546,96,181.901455
83.690189,64,182.162115
121.788105,76,182.472443
78.580359,55,182.706591
172.34718,100,183.114263
137.240581,112,183.727557
125.294559,85,184.074156
105.634893,70,184.355558
68.020664,49,184.559269
148.810248,113,185.016329
189.745636,109,185.473844
151.643131,92,186.013308
98.711038,80,186.342847
145.684611,90,186.706455
84.379519,68,186.982513
178.689122,99,187.383643
134.705091,86,187.738117
106.708639,75,188.198531
112.11269,79,188.515092
84.01275,59,188.755322
204.020294,106,189.182347
90.765674,73,189.483653
179.598272,116,189.9564
104.046402,77,190.430587
94.098724,76,190.742276
156.790874,94,191.134974
189.741945,127,191.653677
87.517156,61,191.909074
65.195405,47,192.101109
109.471162,70,192.384546
127.406287,85,192.890485
166.498425,98,193.300121
136.147305,81,193.633788
86.876977,66,193.905313
90.949152,69,194.189834
121.515355,80,194.519752
91.461059,67,194.95762
86.623348,66,195.241186
98.260575,65,195.506443
181.40562,148,196.11097
98.540638,65,196.378831
142.229862,85,196.731616
95.781539,77,197.042842
92.091748,67,197.47708
89.457148,61,197.725289
138.21742,83,198.059563
150.409135,92,198.430317
92.589289,73,198.727354
117.677384,74,199.021247
96.141615,70,199.463465
96.031925,69,199.740976
157.900131,93,200.11029
153.210579,95,200.500704
126.605931,79,200.829061
141.605981,86,201.183775
155.019513,101,201.759979
112.732931,73,202.050471
125.826188,90,202.413985
195.201746,111,202.86423
127.609415,79,203.183396
136.63407,87,203.539964
77.939758,61,203.955648
106.278574,71,204.243349
210.102431,113,204.710726
97.273795,82,205.048036
116.962421,75,205.372116
129.65194,80,205.69984
75.076436,60,205.947237
80.533972,74,206.405311
95.267077,70,206.692734
86.111805,78,207.021483
90.248322,68,207.305705
84.589092,76,207.612059
165.679775,103,208.032484
133.174718,83,208.531605
100.820735,66,208.80045
140.33335,89,209.172422
140.01456,91,209.549762
135.738553,92,209.934896
112.173892,72,210.227865
100.669758,66,210.49692
110.660627,71,210.949851
155.229236,93,211.334697
109.845134,71,211.62381
163.744812,104,212.047743
141.031577,89,212.40625
129.882261,81,212.737385
142.536917,88,213.257675
120.256646,76,213.56913
141.943374,91,213.945884
96.248083,71,214.238255
140.751844,85,214.589354
85.64845,66,214.862943
155.602171,94,215.418801
145.042595,86,215.77198
159.820959,95,216.166096
76.305008,61,216.415168
84.918045,66,216.681806
173.318154,100,217.090039
63.681299,46,217.280143
172.307758,104,217.877105
155.816417,95,218.268728
156.9887,101,218.685302
157.315257,94,219.074347
130.750977,85,219.429075
138.034432,84,219.932264
106.484255,70,220.217231
102.401586,73,220.516958
150.878613,94,220.903552
90.487627,69,221.184369
106.202508,75,221.487786
83.468554,65,221.751735
149.575909,102,222.3287
71.947761,51,222.538066
234.844767,118,223.024062
119.139767,76,223.335511
94.297334,71,223.625107
160.697153,96,224.018327
124.151728,91,224.549383
155.580748,106,224.985298
236.61128,118,225.475699
147.891904,95,225.862914
145.749737,89,226.232349
110.714783,72,226.687572
137.240968,86,227.039655
157.319156,93,227.419979
184.223494,102,227.831738
144.746101,87,228.197311
188.492731,106,228.634526
103.037012,74,229.098619
128.433435,89,229.464594
122.767978,81,229.799058
145.912627,94,230.183576
153.75586,92,230.553566
112.328536,103,231.142443
103.049526,72,231.43216
131.34768,80,231.759269
111.897044,71,232.049182
114.516295,74,232.349431
123.584519,84,232.688082
108.988806,72,232.982632
88.631344,60,233.390561
216.757613,114,233.853905
189.059472,120,234.354153
142.314842,87,234.711659
133.546337,80,235.044177
118.520096,75,235.365713
198.921243,114,235.993441
77.901812,55,236.223621
94.796014,77,236.543128
158.576599,98,236.946657
152.752985,96,237.343802
142.376386,85,237.695575
152.719248,93,238.24857
135.671005,84,238.594372
148.262553,88,238.958246
82.860155,58,239.196778
179.923258,123,239.699716
165.337825,97,240.259489
154.041564,94,240.641345
143.787922,128,241.163688
123.605243,78,241.48068
84.333662,60,241.725568
222.664904,118,242.206019
151.244844,88,242.72222
84.97745,65,242.985881
130.850751,82,243.324517
80.703482,57,243.560575
145.154009,89,243.924776
146.944832,88,244.286012
120.239208,89,244.810084
185.851301,103,245.24519
123.4017,77,245.555851
173.430135,96,245.94705
99.065686,66,246.217012
114.544531,81,246.55392
172.199486,99,247.116827
141.238327,85,247.465401
110.246722,77,247.777541
102.567345,73,248.075508
85.231709,65,248.345155
116.462009,75,248.652807
195.725183,106,249.256379
101.044026,78,249.576824
187.750079,110,250.024473
130.524635,81,250.357612
77.975772,54,250.577528
89.672057,69,250.858804
133.346933,80,251.186918
173.017902,148,251.950192
177.590617,98,252.34883
156.789284,98,252.753285
126.231996,82,253.084343
138.011909,87,253.438604
81.989979,58,253.838376
131.726043,83,254.18574
127.191575,78,254.503907
100.735369,86,254.854205
131.549138,88,255.23693
137.711955,88,255.595676
125.387093,79,256.079604
197.150025,108,256.518938
196.187888,110,256.968887
213.59629,112,257.4263
89.377334,67,257.700511
179.868327,100,258.108238
169.091288,98,258.671792
194.653138,110,259.126438
193.423274,106,259.558936
160.5492,95,259.942671
136.868225,82,260.278575
158.983802,94,260.823547
162.170041,96,261.218408
143.729048,90,261.587154
88.427698,66,261.853605
107.000958,71,262.143619
185.412698,104,262.573365
149.538292,88,263.094063
85.717342,60,263.337275
155.769675,103,263.757647
114.306409,78,264.084483
191.887101,112,264.543141
141.777621,90,265.070393
136.642116,83,265.42617
204.234578,115,265.910373
143.638994,85,266.26066
121.1554,76,266.575392
110.093289,76,266.888913
222.830144,122,267.564408
109.792579,70,267.866401
85.414525,65,268.175879
175.721282,106,268.621486
125.7361,85,268.964112
145.836177,89,269.315087
127.099182,78,269.790018
111.672306,72,270.084814
125.39622,79,270.409174
171.377942,102,270.826905
123.537048,78,271.151111
104.734637,78,271.478583
88.40312,63,271.739567
174.538996,100,272.313417
139.933685,86,272.667256
157.290865,91,273.04026
119.104847,76,273.346968
147.420545,96,273.743597
164.18247,97,274.30627
143.535425,94,274.689344
127.01723,79,275.013412
71.419642,51,275.23412
211.82053,111,275.687478
207.701577,112,276.146748
131.955546,100,276.713002
253.68079,150,277.328859
167.385951,97,277.72711
149.649612,94,278.110285
96.108176,72,278.404844
139.200318,92,278.947755
134.721333,85,279.299327
90.741016,70,279.586453
99.006198,65,279.856611
170.025123,97,280.251875
87.321096,60,280.496795
125.442594,79,280.821749
203.026025,114,281.448369
150.364064,97,281.840492
149.590704,89,282.202996
228.521439,126,282.71846
155.680725,93,283.260352
242.919747,125,283.780829
145.728075,95,284.170071
154.544719,90,284.539896
153.301285,98,284.938292
137.959512,84,285.300157
195.497934,107,285.907115
115.170715,75,286.212862
209.028734,109,286.656195
158.56365,91,287.025494
150.874509,96,287.418567
136.74684,86,287.933841
136.202733,83,288.273894
126.31906,78,288.588744
171.518469,102,289.00003
158.312594,103,289.421138
115.643508,79,289.750043
198.192543,111,290.367856
138.414386,85,290.715377
87.979718,63,290.972744
136.447942,82,291.308227
211.29373,120,291.796449
148.509601,88,292.319022
126.23294,92,292.697039
94.28896,63,292.955203
173.496448,98,293.356183
180.228952,107,293.79307
103.588249,86,294.147184
185.851706,104,294.732116
137.087728,85,295.088379
243.63926,128,295.627723
215.989668,129,296.158622
204.444181,109,296.602346
144.001435,88,297.12753
145.847856,100,297.537099
205.496667,108,297.976712
174.942038,106,298.413167
146.331265,87,298.767101
180.824726,103,299.355946
140.84184,88,299.717472
71.702847,51,299.926605
129.072551,80,300.255273
174.307705,102,300.672263
99.23567,78,300.991109
197.493497,108,301.59419
143.316673,92,301.969521
169.238874,96,302.359017
139.580906,84,302.703729
185.10851,102,303.122893
153.120822,95,303.669033
151.772571,90,304.034983
159.2274,98,304.435772
180.686505,103,304.857366
128.189142,79,305.186277
173.023273,105,305.625573
161.939333,97,306.188198
190.968564,112,306.645164
114.765466,73,306.943591
141.283045,88,307.305192
108.34691,76,307.615819
169.522893,106,308.209578
85.473505,60,308.455181
157.33736,99,308.85968
158.29795,99,309.267023
170.26735,97,309.662226
188.535349,106,310.097939
151.008965,97,310.655443
110.109204,76,310.969254
153.282581,93,311.351285
164.606402,103,311.770773
231.765428,130,312.303425
86.473425,66,312.735154
102.558554,79,313.058783
144.170258,90,313.426707
98.017269,74,313.731033
190.832696,118,314.216875
182.614695,103,314.641771
126.831449,80,315.138061
199.164853,110,315.615089
210.018449,110,316.065902
97.66803,76,316.375712
159.455932,101,316.787921
100.851749,78,317.270103
210.285211,112,317.736112
82.006517,64,317.999931
143.26484,85,318.349694
224.833773,119,318.838527
165.102025,101,319.251711
180.24936,109,319.860132
177.568642,103,320.27615
146.122694,95,320.655418
125.799255,88,321.007678
135.394412,88,321.367349
209.398288,111,321.983232
88.186342,61,322.235145
122.911349,88,322.596361
167.440261,104,323.01927
208.837056,121,323.510144
164.349117,105,324.095139
76.565214,54,324.321413
180.937105,102,324.734021
127.116724,86,325.08279
151.985807,89,325.458928
123.975753,86,325.815754
102.132453,76,326.28878
197.328365,121,326.790833
114.210734,80,327.119915
164.07924,99,327.528715
83.838756,67,327.80453
249.247928,122,328.314451
129.88859,90,328.842384
147.844722,96,329.239166
150.736635,95,329.62492
185.711358,104,330.057675
166.076778,101,330.482001
136.626613,84,330.992677
156.92039,90,331.365093
265.563818,123,331.868717
162.284526,97,332.262152
171.071422,99,332.662194
241.760565,122,333.322479
148.680685,90,333.690033
117.05534,138,334.253891
145.662777,87,334.610175
141.782678,87,334.962195
189.235107,102,335.545203
150.206257,92,335.922863
148.352948,88,336.289343
178.575115,113,336.747088
139.622306,92,337.124104
147.834939,102,337.699694
198.841814,112,338.152626
93.545477,63,338.414153
125.373978,78,338.734684
154.270464,89,339.102254
102.537831,74,339.409177
134.02497,80,339.893995
162.752492,104,340.325344
139.382567,87,340.690626
143.653512,89,341.058612
192.06464,117,341.540875
94.784437,70,341.827188
195.456267,113,342.450316
178.607594,105,342.934533
186.931336,102,344.480039
167.419376,95,345.495069
158.371175,99,345.905113
131.091721,79,346.40238
168.792213,98,346.796773
154.295475,94,347.182989
104.657383,68,347.457416
181.335196,103,347.881839
150.180049,95,348.440836
81.273542,57,348.667944
206.321524,113,349.130476
119.984784,76,349.435091
176.10121,99,349.841248
155.631351,101,350.25501
177.008839,100,350.824151
217.085178,112,351.280259
209.010778,115,351.753567
147.643569,86,352.103098
162.913517,98,352.499011
145.702541,87,353.013592
98.548919,75,353.312092
199.329464,106,353.736122
145.314224,100,354.137512
103.883113,79,354.463544
193.108917,106,354.898696
90.638823,61,355.326592
172.036005,101,355.741738
121.445607,77,356.060835
128.164127,89,356.418438
110.661156,77,356.721229
186.467891,105,357.139033
106.342503,80,357.6286
109.785338,77,357.944353
149.92939,87,358.303444
159.099981,117,358.774275
218.831507,115,359.238545
147.204049,99,359.796242
196.490685,121,360.291234
156.521615,119,360.782073
147.000333,89,361.150334
196.698339,105,361.584853
211.27854,111,362.205107
96.986252,74,362.510321
132.060754,80,362.837524
263.261268,122,363.33302
124.621083,78,363.653236
182.626554,110,364.257828
155.739372,93,364.63623
172.978339,100,365.042915
144.466119,84,365.400634
169.362655,97,365.798421
148.907859,99,366.20355
209.148026,117,366.849218
153.932124,104,367.279477
156.094826,98,367.679381
222.208511,124,368.184646
138.717309,88,368.702188
165.889221,94,369.086082
122.280597,77,369.40469
216.296418,113,369.861939
220.229668,127,370.377192
119.245673,75,370.681039
205.685667,126,371.358749
183.494355,102,371.772106
114.097427,94,372.15511
179.006133,101,372.567399
204.227171,112,373.031571
227.043374,120,373.685387
190.255969,104,374.112309
76.151405,54,374.331403
203.830893,117,374.805881
166.607316,99,375.223089
133.148272,80,375.720199
117.245641,73,376.016764
172.694696,99,376.422117
124.233589,78,376.733405
98.050475,76,377.038391
202.862265,114,377.512721
161.930727,96,378.065974
198.989382,107,378.506229
181.633878,106,378.942336
161.937855,100,379.351434
154.904753,96,379.742249
189.438079,106,380.331967
208.353321,112,380.799022
117.566777,74,381.107769
102.112831,73,381.41059
184.645158,106,381.856995
201.611952,111,382.471008
155.053535,96,382.863626
185.074063,105,383.2981
148.608752,90,383.671677
178.101976,104,384.098793
157.419264,94,384.647775
113.839982,74,384.95575
133.994829,84,385.323792
166.597577,96,385.718394
136.879425,90,386.08589
202.938636,113,386.546473
101.821928,74,387.010664
84.074193,59,387.251151
249.675508,121,387.749101
172.818155,97,388.142653
151.699185,97,388.537971
137.830852,84,388.875291
126.240653,77,389.349393
218.460736,114,389.817763
281.207779,130,390.353697
209.506659,112,390.816458
229.097926,129,391.507331
216.853678,120,391.994266
135.061239,88,392.354736
160.663291,92,392.733201
213.155381,128,393.261659
154.311256,110,393.872968
189.220163,110,394.329799
107.519634,71,394.623958
183.593384,106,395.060502
236.29859,119,395.55658
93.914586,74,396.01382
179.536149,103,396.430418
144.180474,91,396.806203
140.28785,85,397.157882
178.540585,112,397.619102
166.67746,100,398.188929
123.090824,78,398.50369
176.795062,99,398.911707
150.062702,90,399.269183
209.050626,118,399.742406
124.348553,77,400.056104
194.59955,110,400.68148
158.45575,105,401.107387
114.600041,74,401.409715
175.596042,108,401.847878
88.188357,61,402.095344
171.414922,103,402.686253
152.158783,90,403.057834
160.139541,95,403.449048
182.450532,106,403.884827
171.883271,112,404.342838
182.906716,102,404.923755
158.005451,97,405.33009
217.581491,114,405.799521
190.774523,105,406.224208
162.60948,102,406.639579
138.271584,83,406.976988
144.578568,92,407.516571
154.057995,93,407.894917
181.608882,99,408.300813
207.058441,115,408.774882
235.731116,117,409.414683
197.103572,108,409.852775
137.48503,88,410.211062
118.443467,75,410.515412
209.221359,126,411.028055
210.112903,117,411.668839
217.974534,127,412.192473
133.279816,101,412.602865
116.330381,80,412.929395
183.905154,112,413.381031
159.658981,96,413.943243
229.770577,134,414.485504
149.407937,92,414.878819
170.142541,103,415.325768
144.381708,88,415.688847
180.698477,99,416.273481
168.03209,95,416.668463
152.924877,88,417.030637
157.584014,93,417.409073
229.420951,135,417.962416
208.84796,112,418.58343
195.50318,108,419.02523
252.634512,122,419.531234
118.472671,84,419.882491
166.608903,94,420.273399
197.278447,107,420.876164
97.588718,71,421.165936
199.753784,106,421.597943
192.876912,116,422.072594
157.959067,95,422.463635
241.29874,117,423.103398
158.769109,98,423.504706
150.423195,90,423.877401
125.429893,77,424.19228
175.529383,108,424.633263
194.295191,123,425.298566
167.977516,103,425.71726
185.579988,104,426.137986
211.906528,121,426.637656
199.794057,120,427.126057
242.507129,124,427.794456
158.998131,97,428.191514
179.94893,103,428.614098
202.403244,108,429.056716
237.488381,131,429.58698
222.036197,114,430.211077
171.432364,115,430.669575
166.086548,103,431.085351
119.8151,85,431.428235
163.978116,99,431.829335
202.063566,116,432.455007
185.475402,107,432.89352
247.506823,119,433.378429
253.994811,128,433.8978
229.669212,116,434.526345
162.053389,94,434.90933
163.081379,100,435.334058
177.601971,107,435.777157
213.453944,111,436.229956
176.088956,105,436.820243
83.844301,59,437.06191
177.340258,109,437.508503
143.422896,106,437.945271
190.492202,107,438.383075
252.485036,141,439.119846
239.854751,119,439.60649
170.99663,103,440.038583
167.112096,105,440.470578
126.502508,80,440.793709
216.098936,112,441.414206
216.269572,114,441.894108
149.806174,86,442.2419
180.100666,102,442.660266
179.011935,101,443.066828
221.031004,115,443.695191
151.579444,88,444.05236
115.231571,88,444.406817
209.51567,110,444.862446
119.297217,81,445.202612
197.554604,115,445.84239
186.82039,106,446.270389
233.734887,113,446.731172
115.167181,79,447.047403
180.869043,111,447.495925
108.258117,80,447.987608
163.528183,101,448.395807
169.938828,100,448.797061
149.57657,92,449.170467
164.09304,102,449.583907
112.417964,83,450.081789
151.727618,91,450.449076
157.715218,99,450.85836
254.938132,127,451.36678
223.275686,115,451.831518
162.402826,108,452.441388
156.762356,93,452.816928
160.733181,101,453.238671
138.998451,84,453.582513
198.846797,107,454.022152
188.98635,107,454.634039
208.893193,125,455.149035
153.765523,90,455.535078
151.06709,97,455.93488
141.343582,103,456.356435
184.46916,106,456.961609
119.464384,83,457.298075
233.572147,115,457.766198
220.44887,116,458.239587
254.980774,121,458.735322
163.055894,95,459.283711
194.050777,110,459.735248
147.544684,94,460.118786
238.641952,121,460.612257
150.352297,97,461.003675
162.837858,107,461.603589
121.482375,76,461.914267
211.925325,115,462.385485
193.180283,111,462.845135
175.542331,99,463.246862
261.741613,126,463.922195
165.137629,99,464.325173
208.827055,115,464.794497
252.911083,125,465.323537
185.659657,101,465.905667
184.433122,106,466.338735
192.105286,107,466.777415
173.331016,109,467.221275
180.779992,99,467.625752
157.610685,93,468.16795
154.481066,99,468.575718
170.890305,101,469.002917
135.632118,91,469.385149
215.770863,113,469.85253
259.149393,122,470.514313
185.159751,113,470.973734
177.555635,105,471.4018
159.752369,92,471.784737
150.047405,87,472.149799
202.436787,111,472.767981
96.745264,66,473.034248
79.357736,56,473.25792
124.669657,84,473.597283
125.801813,77,473.90647
157.65373,99,474.306819
200.237199,111,474.754642
169.342286,108,475.377428
173.997907,101,475.794008
204.236946,112,476.250834
225.723498,110,476.690444
189.861496,108,477.294083
150.630006,89,477.648094
82.075064,58,477.883464
136.988849,88,478.240191
173.256798,104,478.657654
222.455274,116,479.122314
192.559101,111,479.724494
228.209689,118,480.202592
244.593133,121,480.694272
190.243564,102,481.107599
154.216011,92,481.48278
221.995762,118,482.118052
239.550596,116,482.596283
165.59987,94,482.977109
156.045855,93,483.354294
199.872042,106,483.94093
179.997833,100,484.346296
193.668868,109,484.797199
213.010883,114,485.275064
221.893693,112,485.732117
180.592034,99,486.293371
102.404039,73,486.590206
184.174879,101,487.011086
149.098609,95,487.40567
145.015598,92,487.786215
261.666338,130,488.47699
231.275224,118,488.964085
230.115568,123,489.466688
149.3215,89,489.835543
195.254012,105,490.259412
211.880317,108,490.862749
276.527259,128,491.388857
128.91924,80,491.717167
175.213325,102,492.131275
150.507429,92,492.506572
230.435375,113,493.132583
249.790926,127,493.652837
173.202911,99,494.054841
220.723565,116,494.525774
228.143388,128,495.210276
267.610199,124,495.724676
187.624472,103,496.146652
164.582126,94,496.532691
221.286674,114,496.996687
144.130818,92,497.534683
189.884807,107,497.966985
191.635188,105,498.404812
189.464663,112,498.877069
166.63771,104,499.301099
239.970438,115,499.94259
230.013389,119,500.427263
206.905691,107,500.867243
239.109697,114,501.330914
200.838519,106,501.762273
182.088092,100,502.332982
118.810342,83,502.669851
261.90234,125,503.179658
150.724898,89,503.542582
115.811394,93,503.919737
219.608636,113,504.554159
157.534033,90,504.924015
149.995807,88,505.296487
139.170948,85,505.64467
145.333602,88,506.003605
194.138267,105,506.589962
165.808016,96,506.983304
207.017785,111,507.435935
200.029122,108,507.871744
239.402141,117,508.354817
196.793684,113,508.980369
223.387404,119,509.462032
203.897229,108,509.898158
161.633553,100,510.299901
88.01657,61,510.546097
173.769487,104,511.12855
218.876886,112,511.585963
219.674673,112,512.042342
124.136219,78,512.360628
189.252802,109,512.798531
145.549793,88,513.312116
185.231543,103,513.726073
219.522699,111,514.174057
229.104437,116,514.652176
218.680408,112,515.106107
150.374782,88,515.636009
186.783702,106,516.065402
184.100615,100,516.475751
138.411307,88,516.841652
264.777032,141,517.416926
220.888802,110,518.026681
244.515791,122,518.526955
184.553898,107,518.962495
172.404561,102,519.37926
142.682944,85,519.726596
168.032762,104,520.313132
219.580938,111,520.76796
182.879525,110,521.216744
156.714213,90,521.582466
167.032393,103,522.004222
174.382835,108,522.603584
264.799268,121,523.097821
119.295341,91,523.466401
159.72109,97,523.86301
110.91711,78,524.179044
200.082652,110,524.787667
153.863172,98,525.200897
129.767279,97,525.604348
231.671046,117,526.086985
146.755397,86,526.43733
190.412674,113,527.058353
145.018784,85,527.406059
219.034278,120,527.895187
184.151204,105,528.321045
216.438003,116,528.794675
226.015888,116,529.429435
218.035111,112,529.8881
183.112877,106,530.319186
213.374271,110,530.769372
223.472608,124,531.436685
228.654752,115,531.903404
205.928734,113,532.369394
176.855305,101,532.778382
203.543177,111,533.226444
272.38826,130,533.918531
195.384347,111,534.371963
230.506278,113,534.832708
154.161528,92,535.231379
196.10249,117,535.871459
227.317445,114,536.340127
250.603555,119,536.830456
239.817892,124,537.346223
205.48046,108,537.78671
261.670737,120,538.442368
189.63535,101,538.853379
233.682543,114,539.322372
230.715399,117,539.794422
143.647483,88,540.313969
149.624506,88,540.671533
222.688607,116,541.14668
188.391984,108,541.585335
233.563032,117,542.062992
186.282003,107,542.661515
232.777887,115,543.136475
175.864215,107,543.565717
230.167353,121,544.060391
257.316865,124,544.562887
155.119829,91,545.09201
196.387678,110,545.554485
154.590862,93,545.93641
165.693538,94,546.316453
202.253466,107,546.7518
224.650067,118,547.396332
261.801726,120,547.888297
155.498997,92,548.263572
162.040636,97,548.656925
173.710796,100,549.062952
148.175203,93,549.613768
181.572645,100,550.029025
179.625969,101,550.444041
194.133694,111,550.895699
88.996608,62,551.149008
187.330778,103,551.729457
115.169912,90,552.10498
239.567248,118,552.584659
197.637686,105,553.011199
186.350277,107,553.454059
235.625995,117,554.094046
151.338609,92,554.468019
222.022985,111,554.919813
166.782751,102,555.345984
202.318507,113,555.807
236.162991,119,556.451735
225.129295,114,556.920003
235.621897,117,557.395999
152.541544,91,557.770456
178.560573,119,558.412849
248.905545,119,558.899498
183.123702,105,559.33328
183.80729,106,559.762665
98.442504,74,560.064673
201.441658,109,560.669312
199.362349,115,561.138799
200.309309,109,561.587268
289.602155,133,562.139968
241.964406,120,562.63241
134.726772,82,563.127189
170.436006,101,563.538578
226.618913,115,564.015996
202.256848,108,564.452162
142.757009,94,564.833713
217.249919,116,565.480854
233.51528,113,565.943456
213.753928,110,566.386066
152.571747,109,566.828559
184.941962,100,567.393926
175.410604,104,567.8414
166.407459,99,568.253648
139.248251,103,568.676275
285.358476,126,569.182907
199.302597,114,569.803549
220.484173,116,570.276086
201.53209,108,570.70928
158.155037,90,571.071086
230.90455,118,571.544838
265.767881,122,572.199481
254.95232,121,572.693526
179.94821,105,573.12818
258.9599,121,573.626635
171.2436,96,574.181991
185.530043,102,574.599334
270.826813,123,575.102343
212.324835,112,575.574492
228.909998,112,576.038379
213.502932,113,576.657373
151.624971,90,577.021449
187.482142,106,577.450532
80.602491,57,577.682355
172.539585,102,578.099275
131.441725,93,578.631473
173.365879,102,579.040691
186.652553,106,579.468768
237.521596,114,579.932252
261.985236,120,580.420515
84.549993,59,580.658075
217.727941,113,581.280578
179.813567,105,581.706657
175.62772,98,582.102341
204.177682,128,582.625311
244.495842,121,583.27911
237.344179,114,583.730495
237.028347,116,584.188896
208.276037,114,584.654148
231.201121,114,585.11697
211.711782,107,585.721013
206.087826,105,586.157432
207.330418,109,586.60499
180.520342,99,587.013705
278.98073,126,587.689988
147.2893,93,588.073652
287.753654,125,588.594304
202.377107,109,589.038311
153.841957,99,589.449249
224.94183,112,590.064036
200.523725,123,590.570778
82.992625,58,590.807901
167.603995,110,591.258245
234.489785,115,591.727366
226.640473,120,592.382519
231.060404,113,592.846193
150.306156,89,593.213571
186.01828,104,593.654162
195.678249,108,594.103361
210.083108,109,594.702833
155.711547,90,595.074863
236.117496,116,595.575511
134.713489,82,595.923042
164.980341,102,596.346508
178.115145,102,596.916108
169.460567,97,597.310404
183.114089,125,597.820378
167.138555,101,598.242124
138.852647,104,598.659731
133.512829,82,599.150579
207.149088,109,599.588545
184.607453,103,600.009343
195.840763,104,600.440776
241.523569,117,600.920568
264.903769,122,601.58206
152.932398,91,601.953275
223.477757,118,602.432729
219.532082,116,602.905299
244.998201,118,603.551398
191.670688,105,603.979857
181.064492,100,604.395924
275.572668,123,604.896631
94.308219,64,605.155995
183.687516,114,605.793605
219.410532,110,606.233934
166.356847,103,606.650055
198.702724,109,607.086208
248.528701,117,607.561256
190.860761,106,608.144928
201.571381,116,608.609187
169.080033,97,609.002137
251.844011,122,609.489454
226.341081,120,609.973334
179.430469,104,610.55821
213.835617,115,611.028253
221.087051,110,611.480732
202.799034,116,611.956193
146.087478,92,612.486441
298.490241,130,613.015962
210.906243,122,613.518094
182.441099,105,613.952277
263.271647,122,614.450217
215.821969,108,615.04487
168.828634,95,615.445895
213.128524,113,615.896739
201.528469,107,616.333232
205.163778,137,617.056569
152.598777,95,617.442518
227.382438,117,617.917367
200.775612,128,618.432957
219.717876,117,618.912055
174.039349,109,619.515836
230.424776,120,620.010553
204.729223,110,620.457483
224.631503,112,620.917919
133.229967,81,621.406146
206.901849,118,621.894916
193.3376,106,622.341394
281.949324,123,622.842806
231.435447,113,623.306189
174.221471,98,623.863506
210.905132,111,624.317083
197.537514,111,624.771797
229.162917,121,625.279399
208.857713,116,625.755587
191.098954,104,626.344918
226.318554,118,626.826172
202.704342,112,627.281221
190.62777,101,627.693132
193.183591,104,628.274704
208.79801,117,628.747458
197.671606,111,629.197531
203.551109,110,629.653748
190.940226,108,630.095609
266.780386,126,630.768295
205.627231,109,631.2113
204.462297,106,631.641442
204.316989,105,632.067221
183.637101,99,632.478517
248.060145,120,633.133743
184.609228,99,633.53661
236.439281,117,634.013536
204.308646,106,634.447685
220.103098,116,635.085962
241.527193,120,635.585751
189.159234,108,636.022934
254.87434,119,636.50832
247.479431,117,636.985509
203.429993,105,637.589467
261.738435,120,638.089831
164.573669,93,638.472434
191.241942,104,638.903156
230.605935,115,639.530077
201.999217,106,639.961184
255.295949,119,640.445449
221.162947,122,640.945754
196.729587,116,641.422196
216.041743,109,642.026959
208.748317,108,642.467885
168.383956,99,642.869065
184.553618,105,643.301758
212.76699,109,643.744144
143.301888,90,644.285309
201.335436,118,644.764514
230.39426,118,645.258129
171.562691,96,645.64782
150.58907,88,646.007133
181.500601,107,646.61535
195.3562,109,647.055449
227.430207,120,647.545537
225.374043,112,648.007461
286.055727,130,648.698756
176.701194,101,649.112658
205.311343,106,649.551355
200.244701,108,649.994736
205.544267,110,650.442359
153.295617,95,650.990424
285.805021,127,651.505039
248.85394,118,651.993123
204.414694,116,652.473315
202.413092,128,653.166838
181.80113,104,653.599706
222.265592,111,654.060699
190.216521,111,654.522362
174.0606,96,654.919651
223.566476,114,655.557837
239.646504,117,656.044706
196.417709,103,656.459835
236.758911,114,656.921556
175.491087,99,657.314006
164.257408,93,657.8477
190.095316,108,658.285472
148.596749,86,658.636474
253.985105,125,659.143729
260.128203,122,659.640481
240.258419,113,660.26038
229.586378,118,660.73898
232.931227,113,661.195922
266.692745,125,661.704915
190.276277,102,662.282942
185.084772,100,662.691089
205.557636,111,663.144707
84.806273,59,663.391748
190.114605,106,663.821753
232.342883,114,664.450757
173.723673,104,664.875933
201.40007,104,665.317055
183.788956,101,665.728848
193.441446,105,666.155346
199.631786,105,666.737245
238.010079,116,667.209189
109.072456,77,667.527501
283.387705,127,668.036361
199.396985,114,668.496449
139.408482,84,668.996071
254.520571,124,669.508532
187.425991,103,669.928824
222.566676,117,670.416527
174.717826,98,670.824197
205.511844,109,671.429011
235.297943,116,671.90115
231.26948,119,672.382495
196.34122,107,672.81431
181.438366,105,673.400599
208.3722,108,673.850332
180.630685,104,674.28472
190.247381,104,674.718709
220.995408,116,675.192656
189.199244,108,675.805583
187.372257,105,676.234595
230.012708,112,676.702799
168.357577,94,677.093437
201.629866,113,677.564549
202.352614,104,678.15338
192.784196,102,678.570329
206.848845,112,679.020099
178.190561,105,679.445715
183.32138,104,679.871277
258.016964,130,680.562192
183.111206,114,681.025573
228.814171,116,681.497743
268.794547,122,681.994228
225.128286,121,682.655513
227.17175,111,683.105553
171.950666,97,683.498402
152.513783,94,683.879043
169.08036,116,684.352497
150.329774,90,684.88195
244.451546,120,685.381963
164.792375,104,685.803997
257.782648,117,686.289188
201.947462,110,686.90479
256.078124,121,687.397552
222.417387,120,687.893423
216.801792,110,688.339293
252.08466,118,688.827805
164.680016,93,689.371843
213.332294,110,689.822258
217.753807,124,690.330539
246.136226,122,690.82826
208.937331,111,691.457743
205.517585,112,691.917123
186.755617,108,692.358446
162.221998,113,692.813511
225.035045,111,693.264429
266.188867,124,693.93248
211.817176,115,694.402226
184.921484,101,694.815408
175.444596,105,695.243067
239.794109,119,695.733985
241.940754,117,696.375435
215.013061,111,696.826464
254.489869,122,697.323324
203.114423,112,697.780413
184.450066,110,698.389458
260.698211,127,698.906024
206.912619,113,699.360417
255.078926,126,699.870631
169.464501,109,700.474463
166.114251,96,700.868252
233.966308,115,701.335647
190.225223,124,701.839962
185.90694,103,702.255591
200.270295,106,702.849071
194.536587,104,703.278422
133.941033,95,703.673335
195.781518,128,704.199637
187.469055,106,704.633657
182.916863,105,705.224924
216.649786,114,705.690821
184.128135,109,706.135145
144.867832,86,706.498806
214.780061,110,706.943297
165.758053,94,707.482198
164.542001,95,707.868026
173.174315,97,708.260551
193.942974,101,708.674528
133.724907,85,709.016174
192.655701,124,709.685937
235.710748,121,710.182122
245.516777,122,710.673537
185.834318,103,711.094965
186.006494,101,711.501027
119.347438,75,711.968697
181.142601,107,712.40617
206.936976,106,712.83994
232.871147,120,713.328386
231.806666,117,713.966161
203.765366,112,714.421087
177.377758,101,714.82914
149.953138,102,715.265912
257.943728,120,715.756129
157.550886,91,716.297146
291.074408,128,716.820335
243.149524,122,717.3162
232.744272,115,717.785778
162.407579,93,718.16658
166.984364,103,718.755202
238.451987,121,719.248763
194.210701,102,719.66516
261.921259,128,720.180107
231.101913,115,720.808695
159.824773,91,721.180961
201.129001,104,721.607706
278.095207,125,722.1183
260.61277,123,722.618595
215.329157,109,723.226285
173.093566,100,723.634127
244.273991,113,724.095453
181.619438,104,724.520831
230.980065,117,724.998127
208.753125,106,725.592875
265.169156,122,726.087879
245.002393,121,726.596972
201.800276,108,727.033618
107.314812,79,727.521191
174.433877,104,727.94656
246.244979,125,728.455817
259.060924,118,728.935067
186.025787,115,729.402637
84.727411,59,729.805463
220.18993,113,730.270603
192.508613,105,730.705709
188.617996,109,731.147461
272.773526,126,731.663439
222.956265,115,732.293218
219.005313,113,732.754395
272.430558,122,733.246691
152.793568,92,733.617429
240.824748,113,734.246006
227.158523,119,734.730807
200.20918,104,735.155753
232.818183,128,735.674226
209.654958,112,736.122946
256.110115,118,736.773442
149.84026,87,737.1249
224.872512,116,737.587899
172.2147,99,737.98727
143.625199,90,738.347113
250.018704,118,738.980682
204.377928,108,739.417058
239.554057,113,739.877332
250.404765,120,740.365178
188.524828,104,740.948467
254.155699,117,741.425684
216.218019,111,741.87595
183.391762,101,742.286756
154.799324,91,742.65732
191.625174,107,743.268209
271.08672,124,743.771027
169.005296,96,744.156349
250.646971,116,744.623415
167.035189,97,745.009545
273.072128,127,745.679772
225.553826,133,746.21968
182.612644,112,746.675189
170.599326,104,747.097085
242.229249,119,747.750047
191.345651,101,748.156287
193.302061,106,748.583015
205.884736,106,749.006429
119.674061,92,749.37905
83.771231,59,749.618364
243.515705,116,750.246363
149.571608,104,750.670771
203.050935,110,751.116377
224.124387,120,751.610507
169.810478,101,752.186093
261.014088,122,752.688042
164.50217,93,753.075722
185.6285,104,753.501794
260.187874,126,754.017588
201.215348,109,754.619375
195.811988,102,755.038131
218.295935,114,755.505948
169.867195,103,755.929218
183.717038,102,756.364316
175.672277,99,756.931241
257.634089,119,757.416336
150.932118,104,757.841397
179.896531,99,758.243057
239.647325,119,758.727531
246.968975,125,759.395916
195.233057,109,759.840606
208.650594,111,760.290925
176.13557,104,760.709955
255.980869,124,761.380515
181.416463,99,761.784686
201.748192,110,762.231313
89.308061,62,762.480955
260.036418,118,762.955652
229.691334,122,763.611572
179.041341,103,764.030129
241.874967,127,764.548858
198.289645,109,764.986111
195.406777,106,765.41488
230.192371,114,766.03571
251.309592,120,766.535435
223.432512,112,767.000842
94.274868,64,767.258191
155.814577,105,767.680911
228.728861,112,768.299879
233.784664,121,768.787955
169.611376,107,769.223994
136.562522,83,769.560422
228.799087,116,770.192546
188.805248,105,770.615534
195.879151,106,771.04595
202.839159,109,771.490042
190.147704,108,771.937364
169.643679,99,772.50316
177.374607,119,773.173112
214.155476,113,774.883799
256.518128,118,775.457699
169.038009,109,775.910301
189.096773,102,776.496986
193.051845,109,776.929333
191.382088,103,777.344951
206.15438,106,777.770365
210.969325,107,778.204232
196.693204,104,778.784385
201.542769,114,779.250941
212.826771,108,779.692958
172.839097,103,780.114591
197.656015,105,780.704743
159.653092,93,781.083178
161.081353,94,781.464491
213.705371,105,781.897147
264.934442,124,782.4034
187.087822,107,782.998759
241.924938,121,783.494737
207.758576,106,783.931287
252.339043,115,784.402078
164.756275,102,784.817082
224.579044,111,785.436114
197.163863,108,785.876322
213.576999,108,786.332446
195.963089,103,786.755542
153.86317,89,787.121134
198.787015,105,787.704753
240.954102,115,788.179625
221.514441,113,788.634408
212.998567,114,789.105673
183.519588,107,789.71339
215.128316,114,790.176679
212.439372,109,790.621052
202.98277,111,791.077871
241.9672,118,791.557524
178.211734,98,792.131374
189.05597,111,792.584523
210.316309,107,793.025003
226.599286,115,793.492821
225.916907,115,793.962661
258.794001,121,794.619025
248.830998,115,795.086788
240.976708,118,795.569026
204.67247,111,796.013998
259.823988,125,796.698748
254.523367,121,797.197205
203.106465,110,797.642591
240.765458,115,798.100734
185.549858,100,798.509203
186.369901,106,799.101477
82.328949,58,799.335569
238.646772,115,799.802424
167.261828,94,800.185316
246.35885,118,800.667829
181.302113,104,801.252429
175.515783,99,801.658712
268.004538,122,802.168244
180.317242,100,802.587775
253.756144,124,803.2686
241.482777,113,803.729808
266.073105,123,804.228187
233.900811,115,804.694654
195.33232,109,805.139076
199.505958,108,805.738388
245.404209,118,806.238057
196.210403,108,806.681118
300.512546,132,807.218463
203.362686,112,807.835899
168.383144,100,808.243366
223.263155,114,808.708779
221.896467,113,809.166739
262.264105,120,809.653289
109.57908,76,810.123346
180.998447,104,810.548122
84.553605,59,810.788089
236.627247,114,811.250709
261.470998,119,811.734777
243.12381,120,812.390358
231.438992,119,812.874955
292.789299,126,813.386218
220.806298,118,813.865972
185.086586,111,814.476709
184.369074,104,814.90227
234.839534,116,815.377012
188.208619,101,815.788024
164.229012,93,816.162934
240.819251,125,816.853434
220.407329,114,817.325575
194.57204,102,817.742281
212.402387,107,818.186942
259.725583,126,818.704517
255.249533,125,819.372509
211.620292,112,819.828449
224.878661,114,820.290184
217.658153,110,820.731657
221.196702,122,821.392713
193.165478,110,821.844498
239.824678,115,822.314152
230.872205,117,822.788344
267.619067,120,823.274243
220.419897,107,823.866215
133.470162,96,824.257585
242.533829,114,824.713475
145.247026,93,825.087339
137.079372,83,825.423159
272.617974,123,826.080331
199.92958,108,826.53781
226.38439,120,827.03462
262.947249,118,827.511451
177.913859,101,828.086154
209.510186,115,828.55558
223.922395,112,829.010061
199.987258,105,829.43421
163.301334,94,829.815546
174.511618,102,830.397676
96.1572,65,830.667681
182.779798,101,831.084299
249.082138,118,831.572104
196.735839,103,831.989206
193.57746,106,832.578712
199.030379,103,832.994253
215.10787,113,833.450324
180.006873,105,833.872489
216.585814,111,834.322417
183.196909,101,834.90016
190.823876,101,835.326604
221.37194,112,835.78949
215.921758,112,836.264114
250.243005,120,836.754059
99.005109,77,837.222568
247.850693,117,837.707489
183.532808,104,838.130831
241.171372,113,838.583316
150.1945,88,838.935496
194.973125,103,839.515875
254.184481,118,839.995138
183.790988,98,840.400214
213.881245,112,840.854283
230.330034,114,841.321428
187.882181,100,841.887921
298.054252,131,842.432453
212.798981,108,842.882079
229.792516,110,843.338825
244.925906,114,843.969104
291.607244,127,844.488417
186.629479,108,844.926485
188.931718,106,845.35966
82.174714,58,845.591084
222.278608,120,846.266526
237.618901,112,846.723751
270.562973,121,847.212244
93.376737,64,847.473871
199.495304,111,847.920547
262.841522,119,848.562444
202.148695,104,848.982871
187.43895,106,849.414387
118.429157,80,849.732908
212.031146,114,850.189019
213.264052,107,850.789532
220.890002,109,851.239654
169.943716,101,851.650324
270.17081,123,852.148063
232.239684,114,852.771126
273.316007,122,853.27286
269.636816,129,853.795493
202.321952,111,854.244778
227.940899,116,854.72148
187.697022,112,855.336912
176.325159,100,855.751864
180.984497,105,856.176879
224.744392,115,856.652684
251.242067,122,857.32052
247.577565,121,857.817459
171.105183,102,858.233644
246.493283,117,858.70315
273.270407,121,859.190274
242.071003,118,859.825526
199.409797,108,860.266356
177.693057,107,860.693988
165.785411,96,861.07434
200.751313,110,861.513125
218.606378,107,862.096203
186.698085,106,862.522369
154.532033,93,862.895087
85.365294,60,863.13619
229.307189,112,863.586903
193.399123,103,864.166394
207.750457,110,864.611061
103.784405,73,864.906854
273.95465,122,865.396825
189.76549,104,865.8138
270.87546,123,866.485898
189.969942,106,866.921356
251.159564,118,867.396821
253.152548,121,867.930312
255.613174,118,868.65198
190.180792,107,869.08281
210.189532,113,869.547035
235.148019,114,870.025651
183.069843,103,870.479409
183.094236,103,871.053671
193.37625,103,871.467163
211.315501,112,871.920452
206.831565,109,872.355809
221.781268,109,872.790619
163.726176,94,873.338349
212.486976,109,873.773118
177.331626,109,874.21868
215.528612,107,874.653832
269.720915,121,875.300152
230.717289,115,875.753084
253.691726,117,876.234076
264.516048,120,876.725784
197.20335,106,877.159825
167.616449,100,877.72221
260.316683,118,878.206656
227.281638,115,878.674515
185.732591,108,879.10654
209.223637,110,879.549357
182.106773,103,880.123672
173.345467,109,880.565468
173.188178,104,880.986958
236.113199,116,881.448208
118.055138,80,881.768054
178.794581,108,882.353512
184.923625,100,882.761081
99.213333,66,883.033434
191.384071,107,883.476982
280.225585,125,883.98974
209.419863,111,884.606128
164.394769,99,885.007485
238.512594,114,885.474492
215.52982,109,885.916743
235.543969,118,886.572112
201.075659,104,886.996017
240.067071,116,887.464407
194.242234,108,887.899817
181.854883,104,888.3224
244.753282,120,888.966873
264.148232,127,889.480331
191.123842,106,889.91973
176.122264,105,890.346114
227.131932,115,890.970378
242.622032,117,891.455056
245.736897,115,891.92692
234.306667,115,892.398484
230.494716,116,892.868482
246.237773,117,893.508024
163.640011,94,893.891168
209.866721,108,894.325632
162.546305,97,894.716009
187.503915,106,895.159364
212.533949,109,895.775098
101.953944,67,896.046409
207.090196,112,896.517566
185.577954,105,896.943542
190.387778,103,897.367736
85.359688,60,897.773854
264.560158,120,898.259841
197.537232,107,898.696411
181.873765,106,899.137584
211.289618,106,899.570672
205.915398,112,900.200088
191.505174,102,900.61585
222.185188,114,901.086185
274.660546,121,901.586262
226.299595,110,902.039243
224.708695,110,902.651699
231.303798,115,903.123214
195.925758,108,903.562394
240.650882,124,904.067006
219.981876,108,904.665594
210.377392,105,905.092011
133.798232,99,905.49329
190.576169,101,905.898484
242.376261,117,906.389582
278.968124,124,907.058491
149.498498,103,907.486551
226.300061,121,907.975491
162.434738,92,908.359617
171.549153,103,908.787549
220.045034,121,909.439204
237.840301,114,909.903254
240.068952,121,910.389479
198.753043,105,910.814586
204.420915,104,911.405527
188.407734,106,911.838011
230.447816,113,912.297305
192.890716,104,912.72238
196.550386,103,913.143179
262.369359,122,913.801898
270.798979,120,914.290226
284.12767,126,914.801673
159.97961,92,915.175258
245.125363,120,915.825723
246.80247,120,916.333114
173.743812,97,916.726827
199.333458,103,917.144891
230.194049,118,917.627688
243.749476,115,918.260062
192.602491,102,918.683542
204.233907,110,919.14422
217.616844,115,919.616684
211.308372,107,920.048622
197.212313,104,920.63825
216.141274,109,921.080892
177.102038,98,921.483979
224.181901,118,921.969515
262.343796,122,922.625743
245.049458,116,923.096417
272.495068,120,923.592204
193.71575,107,924.025602
177.725184,97,924.419659
224.636397,116,925.049162
220.773375,112,925.501135
165.016553,96,925.896771
224.419898,109,926.344549
199.486222,105,926.784478
255.852649,128,927.469513
159.297109,96,927.856838
231.627488,111,928.306077
214.777881,114,928.771278
261.011553,132,929.472267
190.236601,101,929.889046
187.60705,108,930.333097
270.01779,120,930.82464
175.911006,105,931.251231
171.026138,96,931.799414
261.464065,119,932.282653
186.856975,101,932.68717
179.786767,105,933.104363
178.984413,106,933.540508
203.170796,110,934.150641
194.481202,112,934.60651
244.467618,117,935.080479
272.098285,121,935.578898
187.74168,112,936.194699
207.830483,110,936.642587
242.099466,124,937.141944
198.782996,109,937.60524
260.328215,121,938.098363
225.152731,109,938.698023
262.365019,119,939.177193
258.348885,119,939.663443
173.674724,103,940.073995
260.755081,125,940.739376
218.878501,113,941.200658
246.768071,114,941.670552
245.941266,117,942.144477
218.641266,129,942.833322
270.856767,128,943.350495
198.154893,104,943.779818
207.749857,104,944.204545
253.723868,117,944.680181
186.860177,104,945.273469
254.16629,122,945.780431
192.511322,102,946.19912
245.090459,114,946.671347
232.278154,116,947.150309
221.149177,114,947.787905
256.350047,116,948.26091
251.759508,117,948.734657
243.480882,116,949.205652
197.642925,108,949.803539
243.353145,113,950.265707
148.238596,86,950.614366
210.894939,110,951.06052
195.973379,105,951.484867
209.195452,114,952.109198
181.475439,100,952.513057
261.08328,116,952.988837
189.382408,105,953.428679
188.659878,105,953.860831
157.655391,97,954.423007
196.932585,116,954.907015
249.556426,120,955.410443
265.928854,124,955.929636
193.981055,107,956.530765
133.295106,81,956.860746
191.222361,106,957.304144
211.339702,106,957.737556
187.793237,101,958.677569
260.468192,122,960.392416
211.76378,115,960.865328
269.392129,120,961.35409
231.620481,110,961.802582
197.471695,108,962.249486
158.398418,95,962.806515
245.572522,119,963.297826
204.560524,111,963.747478
138.715481,101,964.163979
184.637133,101,964.579605
194.845613,106,965.177665
226.899949,109,965.634826
212.805162,116,966.107963
183.588489,103,966.528045
181.590611,107,967.125754
283.737275,124,967.6462
224.547499,113,968.105134
162.828087,102,968.520215
249.617469,125,969.035281
229.380444,116,969.668987
176.157005,100,970.080711
175.216484,101,970.491765
251.789322,126,971.005625
209.544457,107,971.611545
249.301509,115,972.079645
228.044654,115,972.550675
252.468101,115,973.024229
236.782787,112,973.481783
167.570069,94,974.026789
226.605863,112,974.485177
222.091359,110,974.935636
281.740336,123,975.43655
111.049316,78,975.751866
229.099377,111,976.365981
226.43371,116,976.837235
252.731411,118,977.327542
162.710928,92,977.705802
187.218345,101,978.11617
250.538925,118,978.765183
304.190125,128,979.287394
229.217517,113,979.752752
266.75214,127,980.26863
220.932234,110,980.879706
98.055078,65,981.145459
213.563801,108,981.58354
259.621721,127,982.097447
210.763539,111,982.546514
260.17146,127,983.224735
252.24246,114,983.693471
152.517704,105,984.120016
113.202494,81,984.446672
237.408792,118,985.086946
246.650668,115,985.554183
198.748898,102,985.969533
190.736449,108,986.405438
166.948116,101,986.819568
254.141415,126,987.497687
262.861638,123,987.995466
190.705071,107,988.429958
210.994515,106,988.869755
275.851059,121,989.363957
239.943613,117,990.010098
271.913812,128,990.529732
251.691287,118,991.013133
265.254885,120,991.500343
244.313875,116,992.136162
155.672627,93,992.51632
245.908662,118,993.005835
202.208486,109,993.456709
193.385414,107,993.900491
221.434803,111,994.514837
172.212926,99,994.917763
221.676508,121,995.409316
217.820231,109,995.856256
301.007512,129,996.544107
284.878024,132,997.087447
191.103367,105,997.533584
176.714158,102,997.949203
210.376885,107,998.381663
255.866997,116,999.020808
208.076238,114,999.484636
275.821,121,999.976578
194.531749,101,1000.380798
255.407676,117,1001.013012
237.058904,113,1001.478838
212.013446,112,1001.936192
254.435181,117,1002.413626
183.626796,100,1002.815869
206.876694,109,1003.42641
205.36053,106,1003.860219
161.452939,101,1004.274445
277.305491,125,1004.784842
233.52018,116,1005.426589
236.105909,113,1005.88626
253.622487,116,1006.353628
305.930007,133,1006.894593
167.854316,95,1007.302483
219.805627,110,1007.908464
282.641242,125,1008.414122
184.125979,105,1008.846864
185.248168,98,1009.248176
147.591881,94,1009.628589
127.673529,84,1010.129739
262.932555,118,1010.608558
87.334554,61,1010.856431
193.003239,116,1011.335238
287.149311,126,1011.843937
208.363184,129,1012.531016
274.980606,120,1013.020953
274.586006,122,1013.513383
220.234555,116,1013.986801
210.048052,113,1014.60783
261.574586,123,1015.12385
245.140205,114,1015.590977
152.595367,95,1015.976717
220.627623,114,1016.44261
184.298934,99,1017.012137
189.641786,102,1017.443522
260.383938,118,1017.927865
235.333539,116,1018.400037
181.211298,103,1018.983484
274.065928,128,1019.510256
307.474406,135,1020.06959
291.012028,123,1020.568851
225.693968,110,1021.183439
182.564751,104,1021.611624
239.163288,121,1022.113369
238.197054,117,1022.589149
228.176321,110,1023.040292
194.894151,105,1023.632583
181.548929,108,1024.07729
269.646414,121,1024.570366
227.548578,114,1025.038275
243.192794,116,1025.673822
212.658218,111,1026.134176
290.828316,128,1026.66258
83.325406,58,1026.899308
190.935355,105,1027.342468
194.887831,102,1027.759455
214.198492,123,1028.420351
224.819073,112,1028.87724
258.802669,121,1029.370014
183.30537,100,1029.772224
168.041247,95,1030.31972
208.260078,106,1030.74949
231.765153,112,1031.208515
181.377914,102,1031.62206
265.418143,118,1032.113669
286.226673,124,1032.774649
234.008238,123,1033.286327
164.574344,98,1033.695429
221.147839,115,1034.174291
269.557072,125,1034.851462
179.753891,108,1035.287063
248.17668,123,1035.78849
186.428078,107,1036.224697
173.312084,101,1036.627774
301.274159,140,1037.359725
167.564519,97,1037.753801
310.662324,132,1038.290112
214.120107,113,1038.743134
162.727733,99,1039.298381
270.185455,124,1039.801374
316.779602,132,1040.332445
213.461446,107,1040.764611
285.001201,124,1041.429644
239.975781,123,1041.928197
227.914728,123,1042.433851
148.399095,86,1042.785262
238.868344,113,1043.249624
276.887139,128,1043.928502
196.088283,102,1044.336273
248.033079,129,1044.857088
197.147601,107,1045.301142
265.363893,123,1045.958622
244.999715,119,1046.448542
186.037113,104,1046.878603
181.749219,106,1047.319738
268.844068,123,1047.836794
308.036293,131,1048.544354
275.224917,122,1049.043358
213.015244,110,1049.488518
203.611541,109,1049.94661
206.123552,106,1050.543068
186.920525,115,1051.012476
217.175934,116,1051.487362
249.94072,118,1051.967099
182.40951,101,1052.378214
296.856107,126,1053.053741
232.197219,121,1053.544806
229.19944,123,1054.045145
324.171331,139,1054.615418
209.842263,110,1055.229425
172.239602,115,1055.693218
237.314993,114,1056.155313
185.182461,107,1056.586443
266.264208,130,1057.271725
172.780169,97,1057.67063
193.323936,103,1058.085387
265.785061,123,1058.597957
193.258749,107,1059.033556
271.449495,129,1059.719541
299.152641,129,1060.242837
154.675127,99,1060.653134
218.981535,107,1061.086349
266.449163,122,1061.736672
273.166701,127,1062.261044
288.571299,124,1062.766126
227.323221,110,1063.211418
234.903948,112,1063.668624
167.177958,98,1064.237957
185.215767,106,1064.664931
267.329966,120,1065.158588
242.391198,121,1065.648642
231.813197,112,1066.262109
223.004888,119,1066.737743
218.444412,112,1067.198061
232.868334,117,1067.684195
221.476757,112,1068.14387
192.242934,118,1068.799721
242.871589,113,1069.25979
230.51759,113,1069.718025
227.463383,115,1070.18452
204.837722,106,1070.781906
318.488937,134,1071.326906
195.64848,104,1071.749851
205.714938,106,1072.186285
175.456626,112,1072.634868
258.28455,118,1073.278463
189.94163,108,1073.726547
286.50373,126,1074.238974
292.354727,126,1074.743668
192.952227,104,1075.333457
222.636989,113,1075.796057
240.570044,117,1076.268703
258.640797,125,1076.771524
253.668077,119,1077.254252
198.761423,106,1077.844755
184.848944,100,1078.254566
293.408549,126,1078.775755
214.744565,106,1079.209485
196.50367,106,1079.809153
151.406429,105,1080.244311
208.702453,107,1080.681587
197.785187,112,1081.14594
169.238375,107,1081.581988
152.091152,104,1082.162308
275.492705,124,1082.660393
253.462253,116,1083.127412
245.941412,116,1083.595187
199.113914,115,1084.218574
193.045487,106,1084.639541
240.166579,114,1085.098781
185.432264,101,1085.517638
228.152472,111,1085.956553
215.692486,118,1086.602001
176.468331,112,1087.072227
280.003736,131,1087.613986
198.936478,112,1088.067549
204.406911,103,1088.494812
199.438575,113,1089.113031
225.006534,111,1089.558905
246.699263,115,1090.021291
183.497689,102,1090.439692
262.938913,118,1091.07495
335.777622,139,1091.647337
179.501641,102,1092.07546
243.827628,118,1092.556107
246.164387,124,1093.228618
277.548327,130,1093.763421
229.333492,112,1094.214134
189.468927,101,1094.62508
215.860673,112,1095.085394
230.906294,113,1095.702507
225.658917,111,1096.155156
198.509443,104,1096.579788
271.533936,120,1097.070755
149.48571,104,1097.496627
263.596669,119,1098.128547
178.193463,101,1098.546645
169.518625,104,1098.963718
248.765672,113,1099.413744
234.804018,117,1100.04488
176.189587,109,1100.480636
88.842677,62,1100.730175
257.827151,122,1101.231318
262.791688,118,1101.717408
126.439077,94,1102.260698
288.626081,124,1102.774615
231.247889,121,1103.277419
215.498352,108,1103.724416
243.639507,115,1104.196052
199.583892,104,1104.780157
214.820806,108,1105.222076
208.38703,105,1105.652172
220.369956,114,1106.116393
230.213663,111,1106.727254
167.112248,96,1107.124152
304.327445,136,1107.676664
176.032253,104,1108.093043
220.420521,114,1108.551485
182.959885,112,1109.173249
290.828969,129,1109.712232
228.630255,115,1110.186393
182.532076,104,1110.60293
190.387091,102,1111.173187
240.819652,113,1111.628837
195.376601,105,1112.05303
201.972329,107,1112.488872
202.876832,107,1112.916567
277.383723,128,1113.60959
181.687456,102,1114.024146
248.016646,118,1114.518892
242.92632,125,1115.033196
262.58148,122,1115.695659
220.336868,114,1116.167148
219.317814,106,1116.599846
244.206268,119,1117.085334
167.890455,100,1117.489348
161.671211,92,1118.025159
168.651132,100,1118.431566
269.795563,140,1118.998996
246.096822,119,1119.498727
235.080006,112,1119.956207
171.72787,101,1120.52618
197.028385,108,1120.966377
169.549831,99,1121.376831
161.957275,98,1121.777808
222.05222,113,1122.240489
248.519587,119,1122.883173
172.710966,99,1123.280782
195.06447,102,1123.690709
307.146628,129,1124.210851
224.120084,109,1124.823174
265.389235,121,1125.32347
224.19741,109,1125.772537
282.570511,125,1126.291815
178.994661,101,1126.707172
246.066709,119,1127.35357
193.27689,110,1127.803266
221.832264,121,1128.299962
195.45828,105,1128.723003
202.729378,105,1129.31534
293.102234,127,1129.831992
208.917741,107,1130.265105
164.701015,111,1130.716243
201.552758,107,1131.155857
313.116678,133,1131.854974
323.011002,134,1132.412742
219.950535,107,1132.844716
197.861616,109,1133.287243
208.745835,111,1133.901823
179.511976,102,1134.31251
203.029159,103,1134.723358
296.4218,128,1135.250623
203.302011,109,1135.697745
226.605705,112,1136.315509
286.761778,124,1136.82586
197.548156,114,1137.292641
238.938866,116,1137.766371
205.566463,110,1138.368017
216.747978,114,1138.832578
228.288733,113,1139.299323
262.880684,119,1139.778091
282.598979,126,1140.446954
250.017831,114,1140.90572
184.827577,99,1141.307254
163.361355,98,1141.701491
188.538397,101,1142.121907
243.775401,117,1142.765604
182.673316,111,1143.214346
325.037828,135,1143.761333
270.607233,123,1144.264847
172.446379,102,1144.679435
250.872286,119,1145.319335
228.871883,113,1145.77795
263.861825,119,1146.262097
193.229788,104,1146.6897
182.236568,103,1147.267267
272.460227,121,1147.749493
291.069663,125,1148.249974
273.481831,124,1148.747695
263.199221,118,1149.410431
233.303059,111,1149.852478
220.272834,109,1150.307006
204.380279,110,1150.763376
180.164156,105,1151.197983
203.864657,105,1151.784209
224.739676,111,1152.245626
200.052935,103,1152.674907
260.972328,120,1153.165561
250.098601,131,1153.698332
294.184052,128,1154.385548
196.420393,106,1154.816899
205.052614,114,1155.289823
275.112337,125,1155.794455
255.431806,120,1156.44762
197.846485,104,1156.871036
196.495444,108,1157.316055
199.584376,104,1157.746041
307.610776,133,1158.296293
211.914692,105,1158.883077
262.325076,123,1159.401866
211.660927,105,1159.835449
232.317081,112,1160.296047
135.063745,98,1160.858331
175.006158,105,1161.292217
233.413362,112,1161.756101
94.773359,64,1162.021506
270.663819,123,1162.532369
216.116513,108,1163.134836
216.424864,113,1163.593033
248.718005,114,1164.060169
198.767171,108,1164.502556
233.963198,113,1164.958395
178.068948,103,1165.538721
236.189007,117,1166.022599
271.271232,123,1166.531604
201.628759,105,1166.965218
165.089214,95,1167.358713
185.130143,102,1167.969735
269.137862,119,1168.453105
111.112486,85,1168.797972
259.8189,119,1169.292976
280.318277,122,1169.939271
249.9542,117,1170.420307
283.779266,131,1170.961662
270.955161,118,1171.449197
195.237875,102,1171.873853
207.770237,115,1172.504728
308.802176,131,1173.045099
323.561284,137,1173.602477
235.295931,114,1174.064325
247.22746,119,1174.707232
239.152446,113,1175.164422
290.551229,127,1175.686861
266.340341,119,1176.175731
252.994079,126,1176.843446
184.364627,105,1177.271946
207.299201,107,1177.703799
240.236001,115,1178.171029
304.425947,136,1178.890211
226.679518,110,1179.363178
188.460455,110,1179.816446
212.698685,107,1180.258781
216.723057,117,1180.73999
193.438807,102,1181.324216
218.283413,107,1181.760826
266.242632,120,1182.249209
204.658823,119,1182.736416
253.170712,114,1183.199247
181.526233,98,1183.767015
175.792881,101,1184.186128
180.412347,106,1184.613961
210.519243,107,1185.047108
214.162046,106,1185.632931
236.530959,111,1186.088223
203.575954,110,1186.534534
229.383534,111,1186.986627
305.47937,133,1187.526416
226.687029,112,1188.141147
223.451929,108,1188.582674
178.318974,104,1189.003719
237.043367,121,1189.509546
224.705875,115,1190.140414
232.265711,113,1190.59842
266.773569,120,1191.087777
203.469074,111,1191.548569
187.13456,100,1191.954134
200.486676,103,1192.530066
318.83763,136,1193.080553
285.208914,122,1193.585237
272.171668,124,1194.089788
177.358852,97,1194.647647
218.663908,118,1195.140619
258.034477,116,1196.541586
215.00323,109,1197.983809
259.2352,118,1198.465935
189.64806,108,1199.081543
160.520415,107,1199.529146
192.767093,101,1199.935658
175.956568,99,1200.337715
205.434128,109,1200.788499
166.566349,97,1201.351402
261.517654,117,1201.830068
264.94001,122,1202.330607
239.050179,111,1202.785669
181.344676,103,1203.37172
200.857413,109,1203.810391
173.343257,98,1204.206987
235.393693,110,1204.651471
201.262618,105,1205.078805
242.571759,121,1205.726197
185.604837,104,1206.141625
175.843308,101,1206.556855
205.778406,105,1206.983891
220.608511,118,1207.467405
265.019047,126,1208.140537
215.917402,108,1208.578292
212.491833,112,1209.028988
288.602181,126,1209.560791
222.260002,110,1210.165844
262.860442,120,1210.646516
280.505668,125,1211.149197
207.982162,105,1211.574541
200.687618,104,1211.999053
168.493719,96,1212.55493
239.315401,119,1213.028518
259.973389,118,1213.502502
250.715188,117,1213.969384
296.278093,126,1214.634378
248.343617,117,1215.101766
246.952199,114,1215.563197
199.073032,103,1215.978328
255.996963,120,1216.454783
255.270184,117,1217.083756
203.419075,103,1217.492601
231.787874,113,1217.941818
189.268366,102,1218.347547
239.073323,117,1218.980986
247.892339,116,1219.463832
219.2947,116,1219.927487
254.501268,120,1220.410028
246.372675,124,1220.90844
248.240326,116,1221.547787
206.593559,117,1222.033215
294.983025,125,1222.546737
265.535685,120,1223.035775
252.658962,117,1223.670843
200.351829,106,1224.107349
286.56897,129,1224.642949
290.649323,126,1225.162097
272.740982,119,1225.803412
230.527894,109,1226.246355
233.835515,113,1226.70568
198.007265,122,1227.198515
296.178078,127,1227.719609
186.411694,111,1228.332878
197.243562,110,1228.78705
254.278609,116,1229.283958
148.9297,98,1229.686856
296.028514,129,1230.373339
240.767318,112,1230.841078
170.902865,95,1231.229276
314.659426,131,1231.760937
237.117296,113,1232.223869
265.664168,122,1232.885376
288.790657,127,1233.402222
212.773438,106,1233.833601
196.565511,103,1234.251448
179.710813,105,1234.837933
199.942696,107,1235.27022
192.690445,110,1235.719194
248.59474,119,1236.200715
252.445201,125,1236.71139
276.915487,121,1237.364108
164.271183,100,1237.768055
168.102346,95,1238.154243
272.392492,120,1238.636249
187.398767,112,1239.254808
228.025907,116,1239.735605
266.618732,119,1240.220059
215.747438,110,1240.667239
249.638133,116,1241.134734
191.210857,101,1241.702302
160.724026,99,1242.103416
193.165122,109,1242.550218
233.906713,111,1243.014771
231.446516,111,1243.456796
220.177321,107,1244.061081
215.757387,114,1244.523256
201.765877,116,1244.999081
224.868488,112,1245.452844
152.452969,90,1245.994753
209.467261,105,1246.420846
244.272487,118,1246.905707
270.033903,120,1247.397735
271.738678,120,1247.895593
262.237297,119,1248.542424
170.461781,99,1248.950211
211.933611,106,1249.399937
202.761509,103,1249.818121
239.043097,114,1250.286167
292.92115,125,1250.954936
230.955201,112,1251.407343
280.572922,123,1251.912767
246.901072,123,1252.414193
196.820812,105,1253.005186
184.710995,104,1253.427142
256.972536,117,1253.897676
219.843679,107,1254.333351
270.950765,120,1254.824918
240.945804,119,1255.474916
279.141713,124,1255.978856
211.147648,108,1256.414902
238.222508,110,1256.860519
279.211041,123,1257.529643
199.724735,105,1257.959994
249.556823,114,1258.427319
204.019606,112,1258.883798
255.313123,118,1259.544694
242.379973,126,1260.065572
223.955936,111,1260.514701
223.145842,108,1260.954595
288.140039,130,1261.485359
219.157175,108,1262.087172
166.167083,101,1262.496378
238.020941,114,1262.958389
203.856925,104,1263.377958
246.69379,115,1264.00372
304.449584,128,1264.524024
212.159579,111,1264.980476
183.255714,103,1265.400877
263.54525,128,1265.92705
286.17268,124,1266.591367
198.810957,108,1267.030757
291.711882,128,1267.540278
231.30107,120,1268.028856
298.337352,134,1268.734488
258.890801,117,1269.219789
191.439409,107,1269.6598
197.684766,109,1270.109077
212.725738,114,1270.569686
210.540172,116,1271.206875
293.262264,133,1271.747395
219.762098,108,1272.184665
179.11422,100,1272.590044
346.813168,145,1273.346367
200.219437,103,1273.766471
254.38965,116,1274.23937
276.134021,130,1274.764439
303.771277,129,1275.452842
90.549557,62,1275.703207
291.28677,127,1276.223032
219.498611,108,1276.662336
282.849083,128,1277.18454
176.549466,106,1277.778168
203.867432,108,1278.219738
227.935687,112,1278.68303
215.539165,114,1279.15095
223.80119,115,1279.792386
314.006616,132,1280.328802
244.773439,115,1280.793291
227.514752,112,1281.246605
252.45969,121,1281.736451
244.231409,114,1282.364214
209.441031,108,1282.802426
257.410044,119,1283.282916
258.398083,121,1283.77193
171.489329,98,1284.328065
219.068992,125,1284.833185
266.46344,118,1285.312055
218.870666,120,1285.795585
183.696516,100,1286.199089
216.535512,115,1286.818952
261.370859,117,1287.302292
172.253263,98,1287.697467
202.38852,107,1288.146499
241.046128,111,1288.767121
242.644463,118,1289.265074
293.647122,126,1289.778636
253.200774,122,1290.264719
224.950619,110,1290.71348
263.517683,123,1291.373808
229.505387,109,1291.815272
322.422626,134,1292.352447
200.748987,106,1292.780366
191.754239,109,1293.376439
207.930953,114,1293.842434
247.965046,120,1294.326099
218.540355,115,1294.785161
162.562661,97,1295.168127
202.398516,106,1295.754275
251.457877,120,1296.242079
241.346762,115,1296.707078
185.039784,99,1297.108953
231.858047,117,1297.744932
214.24389,109,1298.192647
191.651515,102,1298.603502
211.012263,110,1299.047284
174.364745,103,1299.478031
244.324815,114,1300.098371
216.398896,106,1300.52246
294.576931,126,1301.020738
262.896486,118,1301.494933
242.821085,118,1302.134018
204.979973,105,1302.554775
281.003374,122,1303.052549
219.313766,114,1303.516638
231.417691,117,1303.999541
188.121227,107,1304.593672
256.69394,124,1305.100847
209.428827,106,1305.534325
188.464909,99,1305.947809
240.406265,115,1306.412905
226.854446,109,1307.019265
262.970705,126,1307.531996
249.538771,115,1308.000123
281.340466,123,1308.499684
207.745886,105,1309.091382
277.766257,130,1309.635698
177.307337,99,1310.040505
280.890036,128,1310.560503
253.926933,117,1311.199163
219.089179,116,1311.672679
231.924196,110,1312.125869
258.555369,118,1312.604218
295.494057,131,1313.134177
234.010467,118,1313.775423
325.000028,134,1314.322298
243.358903,116,1314.794866
302.689854,129,1315.344502
190.949829,116,1315.98253
157.278142,90,1316.347607
230.966884,112,1316.801427
249.688316,114,1317.264236
269.678509,119,1317.915004
268.029528,119,1318.408377
260.999577,115,1318.888797
227.914621,113,1319.372486
224.652764,112,1319.837336
189.707406,105,1320.42798
244.62125,111,1320.883148
273.299349,122,1321.380632
236.397669,119,1321.866993
235.393937,116,1322.495233
205.019193,105,1322.924633
268.954231,126,1323.444913
257.534538,119,1323.927021
226.593749,114,1324.388844
237.352128,115,1325.022537
194.48757,109,1325.469615
182.528373,104,1325.893
266.014478,119,1326.388045
255.522023,116,1327.036325
268.42184,120,1327.528228
232.983641,113,1327.996769
243.26701,120,1328.488533
253.735573,118,1328.968667
234.212199,114,1329.610755
243.785129,115,1330.08358
265.030923,118,1330.568233
210.29528,113,1331.036098
268.465156,119,1331.681901
272.893666,124,1332.184683
281.715019,121,1332.677665
281.756312,123,1333.186171
265.225923,118,1333.827993
273.372192,121,1334.32086
277.538218,121,1334.814584
224.593054,109,1335.263451
212.704663,116,1335.74421
307.284611,128,1336.424034
257.656517,127,1336.947147
201.289728,103,1337.368026
172.371176,99,1337.774903
179.379389,118,1338.419856
201.837778,104,1338.849038
229.046674,110,1339.322937
179.971253,101,1339.746181
266.026625,120,1340.24628
294.813183,128,1340.938493
233.274119,113,1341.395102
296.567766,129,1341.919076
191.433031,104,1342.343733
319.08175,145,1343.098777
233.654701,117,1343.575614
260.522424,118,1344.056229
193.921542,107,1344.489566
256.53406,117,1345.127423
198.764415,107,1345.562412
287.460767,126,1346.079682
262.756409,119,1346.567108
166.185321,98,1346.972637
291.984941,125,1347.645531
191.26178,106,1348.079287
229.401774,110,1348.522527
247.665233,123,1349.02299
226.120054,109,1349.63537
216.957955,109,1350.082708
225.992734,110,1350.523258
202.819838,116,1350.99901
338.710593,141,1351.56413
233.368914,110,1352.170613
305.629975,129,1352.694365
253.996571,117,1353.172795
244.824584,120,1353.659183
244.14868,116,1354.286031
283.197817,124,1354.789625
267.795996,120,1355.272441
241.010467,116,1355.746315
325.760728,137,1356.45669
314.702048,132,1356.98876
263.000439,119,1357.470483
309.411195,133,1358.004048
306.165766,128,1358.673663
191.896385,105,1359.093069
205.390354,106,1359.534745
249.881474,125,1360.038701
229.746365,111,1360.495296
309.427412,130,1361.178166
246.175717,116,1361.643458
261.435756,122,1362.130383
272.698028,121,1362.618298
303.775756,132,1363.312387
263.906606,118,1363.796112
230.016329,109,1364.240357
266.235717,119,1364.723864
166.579028,95,1365.262521
280.564602,130,1365.786908
221.733012,107,1366.21937
281.02183,123,1366.71138
282.448785,123,1367.207364
242.759561,113,1367.819407
239.375137,121,1368.319016
281.959689,127,1368.830157
270.629457,123,1369.355445
150.684403,97,1369.917382
154.53112,89,1370.279354
309.54146,134,1370.821113
271.434164,131,1371.352663
193.619426,116,1371.980333
264.044375,122,1372.488364
309.89942,133,1373.032137
266.672312,118,1373.511176
253.573809,117,1373.980792
264.994422,118,1374.632638
189.731515,108,1375.080593
254.02369,119,1375.568704
187.780561,104,1375.999325
233.093555,114,1376.629117
264.057709,119,1377.120626
257.777599,117,1377.603812
284.626989,126,1378.123317
212.8213,106,1378.551859
252.471878,129,1379.243458
295.184611,131,1379.791342
217.922064,108,1380.236163
226.329914,111,1380.687435
206.405478,107,1381.285087
201.626055,107,1381.722361
160.506494,92,1382.091414
142.116213,90,1382.454331
238.505794,112,1382.910944
301.135466,127,1383.58335
261.76588,120,1384.071099
274.782788,123,1384.574018
181.260934,100,1384.975041
294.662804,125,1385.640557
202.185815,105,1386.071284
181.7256,110,1386.518958
301.272487,130,1387.052961
285.377433,122,1387.558649
